Source,Target
Diana_Mutz,American_Academy_of_Arts_and_Sciences
Diana_Mutz,American_Political_Science_Association
Diana_Mutz,Communication_studies
Diana_Mutz,Editor-in-chief
Diana_Mutz,Goldsmith_Book_Prize
Diana_Mutz,Guggenheim_Fellowship
Diana_Mutz,Harvard_University
Diana_Mutz,National_Academy_of_Sciences
Diana_Mutz,Northwestern_University
Diana_Mutz,Peer-review
Diana_Mutz,Political_Behavior
Diana_Mutz,Political_communication
Diana_Mutz,Political_science
Diana_Mutz,Samuel_A._Stouffer
Diana_Mutz,Stanford_University
Diana_Mutz,Thesis
Diana_Mutz,University_of_Pennsylvania
Eriovixia_gryffindori,Animal
Eriovixia_gryffindori,Arachnid
Eriovixia_gryffindori,Araneidae
Eriovixia_gryffindori,Araneomorphae
Eriovixia_gryffindori,Arthropod
Eriovixia_gryffindori,Binomial_nomenclature
Eriovixia_gryffindori,Catalogue_of_Life
Eriovixia_gryffindori,Chelicerata
Eriovixia_gryffindori,Eriovixia
Eriovixia_gryffindori,Global_Biodiversity_Information_Facility
Eriovixia_gryffindori,Godric_Gryffindor
Eriovixia_gryffindori,Harry_Potter
Eriovixia_gryffindori,INaturalist
Eriovixia_gryffindori,ISSN_(identifier)
Eriovixia_gryffindori,India
Eriovixia_gryffindori,Integrated_Taxonomic_Information_System
Eriovixia_gryffindori,Karnataka
Eriovixia_gryffindori,Open_Tree_of_Life
Eriovixia_gryffindori,Orb-weaver_spider
Eriovixia_gryffindori,Sorting_Hat
Eriovixia_gryffindori,Spider
Eriovixia_gryffindori,Taxonomy_(biology)
Eriovixia_gryffindori,Wikidata
Eriovixia_gryffindori,Wikispecies
Eriovixia_gryffindori,World_Spider_Catalog
Eriovixia_gryffindori,ZooBank
Fairytales,British_Fantasy_Award
Fantasy_literature,Personifications_of_death
Fictional_universe_of_Harry_Potter,Werewolf
Gregory_Goyle,A_Celebration_of_Harry_Potter
Grey_House_Publishing,"Amenia,_New_York"
Grey_House_Publishing,Book
Grey_House_Publishing,Business_directory
Grey_House_Publishing,Database
Grey_House_Publishing,EBSCO_Industries
Grey_House_Publishing,EBSCO_Publishing
Grey_House_Publishing,H._W._Wilson_Company
Grey_House_Publishing,Publisher
Grey_House_Publishing,Toronto
Grey_House_Publishing,United_States
Harry_Potter,2012_Summer_Olympics_opening_ceremony
Harry_Potter,A._S._Byatt
Harry_Potter,A_Celebration_of_Harry_Potter
Harry_Potter,A_Very_Potter_Musical
Harry_Potter,A_Very_Potter_Senior_Year
Harry_Potter,A_Very_Potter_Sequel_(EP)
Harry_Potter,Adeel_Akhtar
Harry_Potter,Alex_Hassell
Harry_Potter,Alfonso_Cuar%C3%B3n
Harry_Potter,All_the_Young_Dudes_(fan_fiction)
Harry_Potter,Allegory
Harry_Potter,American_English
Harry_Potter,Argus_Filch
Harry_Potter,Armenian_language
Harry_Potter,Audible_(service)
Harry_Potter,Augmented_reality
Harry_Potter,BBC_list_of_100_%27most_inspiring%27_novels
Harry_Potter,BILBY_Award
Harry_Potter,Basilisk_(Harry_Potter)
Harry_Potter,Beauxbatons
Harry_Potter,Beowulf
Harry_Potter,Bill_Weasley
Harry_Potter,Billboard_(magazine)
Harry_Potter,Billy_Bunter
Harry_Potter,Black_magic
Harry_Potter,British_Book_Awards
Harry_Potter,Brycchan_Carey
Harry_Potter,Bulgarian_language
Harry_Potter,Cambridge_University_Press
Harry_Potter,Carnegie_Medal_(literary_award)
Harry_Potter,Charlie_and_the_Chocolate_Factory
Harry_Potter,Chris_Columbus_(filmmaker)
Harry_Potter,Comic_Relief
Harry_Potter,Coming_of_age
Harry_Potter,Cormoran_Strike
Harry_Potter,Costa_Book_Awards
Harry_Potter,Dana_Gioia
Harry_Potter,David_Yates
Harry_Potter,Death_Eater
Harry_Potter,Death_Eaters
Harry_Potter,Dementors
Harry_Potter,Diana_Mutz
Harry_Potter,Diane_Duane
Harry_Potter,Dobby_(Harry_Potter)
Harry_Potter,Dolores_Umbridge
Harry_Potter,Dominic_McLaughlin
Harry_Potter,Dracorex_hogwartsia
Harry_Potter,Dumbledore%27s_Army
Harry_Potter,Electronic_Arts
Harry_Potter,Eragon
Harry_Potter,Eriovixia_gryffindori
Harry_Potter,Everyman
Harry_Potter,Existentialism
Harry_Potter,Fairytales
Harry_Potter,Fan_fiction
Harry_Potter,Fandom_Forward
Harry_Potter,Fantastic_Beasts_and_Where_to_Find_Them_(soundtrack)
Harry_Potter,Fantastic_Mr_Fox
Harry_Potter,Fantasy_literature
Harry_Potter,Fay_Weldon
Harry_Potter,Fictional_universe_of_Harry_Potter
Harry_Potter,Gilderoy_Lockhart
Harry_Potter,Greenwood_Publishing_Group
Harry_Potter,Gregory_Goyle
Harry_Potter,Grey_House_Publishing
Harry_Potter,Guardian_Award
Harry_Potter,HBO
Harry_Potter,HBO_Max
Harry_Potter,Harry_Potter_(character)
Harry_Potter,Harry_Potter_(disambiguation)
Harry_Potter,Harry_Potter_and_the_Chamber_of_Secrets_(film)
Harry_Potter,Harry_Potter_and_the_Chamber_of_Secrets_(video_game)
Harry_Potter,Harry_Potter_and_the_Deathly_Hallows
Harry_Potter,Harry_Potter_and_the_Deathly_Hallows_%E2%80%93_Part_2
Harry_Potter,Harry_Potter_and_the_Forbidden_Journey
Harry_Potter,Harry_Potter_and_the_Goblet_of_Fire_(film)
Harry_Potter,Harry_Potter_and_the_Goblet_of_Fire_(soundtrack)
Harry_Potter,Harry_Potter_and_the_Order_of_the_Phoenix_(film)
Harry_Potter,Harry_Potter_and_the_Order_of_the_Phoenix_(soundtrack)
Harry_Potter,Harry_Potter_and_the_Philosopher%27s_Stone
Harry_Potter,Harry_Potter_and_the_Philosopher%27s_Stone_(2003_video_game)
Harry_Potter,Harry_Potter_and_the_Prisoner_of_Azkaban
Harry_Potter,Harry_Potter_and_the_Prisoner_of_Azkaban_(film)
Harry_Potter,Harry_Potter_and_the_Sacred_Text
Harry_Potter,Harry_Potter_for_Kinect
Harry_Potter,Harry_Potter_universe
Harry_Potter,Harry_Potter_video_games
Harry_Potter,Harryplax_severus
Harry_Potter,Hedwig%27s_Theme
Harry_Potter,Heliodorus_of_Emesa
Harry_Potter,Hermione_Granger
Harry_Potter,Hippogriff
Harry_Potter,Hogwarts
Harry_Potter,Hogwarts_Legacy
Harry_Potter,Hogwarts_staff
Harry_Potter,Horror_fiction
Harry_Potter,Hugh_Laurie
Harry_Potter,Hugh_Ross_(actor)
Harry_Potter,Hugo_Awards
Harry_Potter,ISBN_(identifier)
Harry_Potter,Intellectual_snobbery
Harry_Potter,Irma_Pince
Harry_Potter,J._K._Rowling
Harry_Potter,Jack_Thorne_(writer)
Harry_Potter,James_McAvoy
Harry_Potter,James_Sirius_Potter
Harry_Potter,Jesus_Christ
Harry_Potter,John_Lithgow
Harry_Potter,Just_Crazy!
Harry_Potter,Kreacher
Harry_Potter,Language_and_Literature
Harry_Potter,Latin
Harry_Potter,Lego_Dimensions
Harry_Potter,Leicester_Square
Harry_Potter,List_of_Fantastic_Beasts_cast_members
Harry_Potter,List_of_Fantastic_Beasts_characters
Harry_Potter,List_of_Harry_Potter_characters
Harry_Potter,List_of_Harry_Potter_translations
Harry_Potter,List_of_awards_and_nominations_received_by_J._K._Rowling
Harry_Potter,List_of_best-selling_books
Harry_Potter,List_of_highest-grossing_films
Harry_Potter,Los_Angeles_Times
Harry_Potter,Low_fantasy
Harry_Potter,MTV
Harry_Potter,Mackenzie_Crook
Harry_Potter,Mad-Eye_Moody
Harry_Potter,Madam_Hooch
Harry_Potter,Magic_(Harry_Potter)
Harry_Potter,Magical_objects_in_Harry_Potter
Harry_Potter,Magician_(fantasy)
Harry_Potter,Marcus_Flint
Harry_Potter,Mark_Rylance
Harry_Potter,Matt_Berry
Harry_Potter,Matthew_Macfadyen
Harry_Potter,Michael_Crichton
Harry_Potter,Michael_Rosen_(author)
Harry_Potter,Michelle_Gomez
Harry_Potter,Middle_name
Harry_Potter,Mike_Newell_(director)
Harry_Potter,Mischief_Management
Harry_Potter,Mockingjay
Harry_Potter,Molly_Weasley
Harry_Potter,Morris_Gleitzman
Harry_Potter,Moscow
Harry_Potter,Mystery_(fiction)
Harry_Potter,Mythlore
Harry_Potter,National_Education_Association
Harry_Potter,Nestl%C3%A9_Smarties_Book_Prize
Harry_Potter,Nicolas_Flamel
Harry_Potter,Nielsen_ratings
Harry_Potter,Normality_(behavior)
Harry_Potter,Onomatopoeic
Harry_Potter,Orlando_Sentinel
Harry_Potter,Oxford_English_Dictionary
Harry_Potter,Padma_Patil
Harry_Potter,"Palace_Theatre,_London"
Harry_Potter,Parodies_of_Harry_Potter
Harry_Potter,Parvati_Patil
Harry_Potter,Patronus_charm
Harry_Potter,Petunia_Dursley
Harry_Potter,Philip_Pullman
Harry_Potter,Phoenix_(mythology)
Harry_Potter,PlayStation
Harry_Potter,Portal_fantasy
Harry_Potter,Portkey_Games
Harry_Potter,Potion
Harry_Potter,Potter_Puppet_Pals
Harry_Potter,Professor_Trelawney
Harry_Potter,Psychomachia
Harry_Potter,Public_school_(UK)
Harry_Potter,Publishers_Weekly
Harry_Potter,Rick_Riordan
Harry_Potter,Riz_Ahmed
Harry_Potter,Romance_novel
Harry_Potter,Rose_Granger-Weasley
Harry_Potter,School_Library_Journal
Harry_Potter,Scientific_name
Harry_Potter,Scottish_Arts_Council
Harry_Potter,Seamus_Heaney
Harry_Potter,Sevin_Okyay
Harry_Potter,Sherlock_Holmes
Harry_Potter,Simon_Pegg
Harry_Potter,Socialisation
Harry_Potter,Sope_Dirisu
Harry_Potter,Sorcerer%27s_Stone
Harry_Potter,St._Clare%27s_series
Harry_Potter,Stephen_King
Harry_Potter,Strike_(TV_series)
Harry_Potter,Tanya_Grotter
Harry_Potter,The_Bad_Book
Harry_Potter,The_Casual_Vacancy
Harry_Potter,The_Casual_Vacancy_(miniseries)
Harry_Potter,The_Christmas_Pig
Harry_Potter,The_Elephant_House_(Edinburgh_Caf%C3%A9)
Harry_Potter,The_Fat_Friar
Harry_Potter,The_Hallmarked_Man
Harry_Potter,The_Leaky_Cauldron_(website)
Harry_Potter,The_Magical_Worlds_of_Harry_Potter
Harry_Potter,The_New_York_Times
Harry_Potter,The_Pagemaster
Harry_Potter,The_Running_Grave
Harry_Potter,The_Saddle_Club_(books)
Harry_Potter,The_Silkworm
Harry_Potter,The_Sorting_Hat
Harry_Potter,The_Sunday_Times
Harry_Potter,The_Vancouver_Sun
Harry_Potter,The_Wizarding_World_of_Harry_Potter_(Universal_Studios_Japan)
Harry_Potter,The_Worst_Witch
Harry_Potter,Thriller_(genre)
Harry_Potter,Tom_Brown%27s_School_Days
Harry_Potter,Tracy-Ann_Oberman
Harry_Potter,Triwizard_Tournament
Harry_Potter,Universal_Islands_of_Adventure
Harry_Potter,Universal_Studios_Florida
Harry_Potter,Universal_Studios_Japan
Harry_Potter,Urban_fantasy
Harry_Potter,V._C._Andrews
Harry_Potter,Vernon_Dursley
Harry_Potter,Viktor_Golyshev
Harry_Potter,Voldemort
Harry_Potter,Where%27s_Wally%3F_(book)
Harry_Potter,Who_Wants_to_Be_a_Millionaire%3F
Harry_Potter,Wizarding_World
Harry_Potter,Wizarding_World_Digital
Harry_Potter,Wrockstock
Harry_Potter,Young_Wizards
Heliodorus_of_Emesa,Callirhoe_(novel)
Hogwarts_staff,A_Celebration_of_Harry_Potter
Hogwarts_staff,A_Very_Potter_Musical
Hogwarts_staff,A_Very_Potter_Musical_(album)
Hogwarts_staff,A_Very_Potter_Senior_Year
Hogwarts_staff,A_Very_Potter_Sequel
Hogwarts_staff,A_Very_Potter_Sequel_(EP)
Hogwarts_staff,Albania
Hogwarts_staff,Albus_Dumbledore
Hogwarts_staff,Alecto_and_Amycus_Carrow
Hogwarts_staff,All_the_Young_Dudes_(fan_fiction)
Hogwarts_staff,Amnesia
Hogwarts_staff,Amos_Diggory
Hogwarts_staff,Ant%C3%B3nio_de_Oliveira_Salazar
Hogwarts_staff,Antonin_Dolohov
Hogwarts_staff,Armando_Dippet
Hogwarts_staff,Arthur_Weasley
Hogwarts_staff,Astronomy_(Harry_Potter)
Hogwarts_staff,Back-seat_driver
Hogwarts_staff,Badger
Hogwarts_staff,Bartemius_Crouch_Junior
Hogwarts_staff,Basilisk
Hogwarts_staff,Basilisk_(Harry_Potter)
Hogwarts_staff,Battle_of_Hogwarts
Hogwarts_staff,Beauxbatons
Hogwarts_staff,Bellatrix_Lestrange
Hogwarts_staff,Black_Forest
Hogwarts_staff,Blaise_Zabini
Hogwarts_staff,Blood_purity_(Harry_Potter)
Hogwarts_staff,Bloomsbury_Publishing
Hogwarts_staff,Book_of_Potions
Hogwarts_staff,Book_of_Spells
Hogwarts_staff,Botany
Hogwarts_staff,Care_of_Magical_Creatures
Hogwarts_staff,Carolyn_Pickles
Hogwarts_staff,Cassandra
Hogwarts_staff,Cedric_Diggory
Hogwarts_staff,Centaur_(Harry_Potter)
Hogwarts_staff,Chamber_of_Secrets
Hogwarts_staff,Charlatan
Hogwarts_staff,Charms_(Harry_Potter)
Hogwarts_staff,Corban_Yaxley
Hogwarts_staff,Cronyism
Hogwarts_staff,Cruciatus_Curse
Hogwarts_staff,Cursive
Hogwarts_staff,Daily_Express
Hogwarts_staff,Daily_Prophet
Hogwarts_staff,David_Bradley_(English_actor)
Hogwarts_staff,David_Heyman
Hogwarts_staff,Death_Eater
Hogwarts_staff,Death_Eaters
Hogwarts_staff,Defence_Against_the_Dark_Arts
Hogwarts_staff,Dementor
Hogwarts_staff,Den_of_Geek
Hogwarts_staff,Diadem
Hogwarts_staff,Diagon_Alley
Hogwarts_staff,Digital_Spy
Hogwarts_staff,Divination_(Harry_Potter)
Hogwarts_staff,Dolores_Umbridge
Hogwarts_staff,Draco_Malfoy
Hogwarts_staff,Dragon_Challenge
Hogwarts_staff,Drarry
Hogwarts_staff,Dumbledore%27s_Army
Hogwarts_staff,Emma_Thompson
Hogwarts_staff,Epic_Movie
Hogwarts_staff,Express_Newspapers
Hogwarts_staff,Fandom_Forward
Hogwarts_staff,Fantastic_Beasts
Hogwarts_staff,Fantastic_Beasts_and_Where_to_Find_Them_(book)
Hogwarts_staff,Fantastic_Beasts_and_Where_to_Find_Them_(film)
Hogwarts_staff,Fantastic_Beasts_and_Where_to_Find_Them_(soundtrack)
Hogwarts_staff,Felix_Felicis
Hogwarts_staff,Fen
Hogwarts_staff,Fenrir_Greyback
Hogwarts_staff,Fictional_universe_of_Harry_Potter
Hogwarts_staff,Firenze_(Harry_Potter)
Hogwarts_staff,Flight_of_the_Hippogriff
Hogwarts_staff,Fluffy_(Harry_Potter)
Hogwarts_staff,Forbidden_Forest_(Harry_Potter)
Hogwarts_staff,Fred_and_George
Hogwarts_staff,Fred_and_George_Weasley
Hogwarts_staff,Gamekeeper
Hogwarts_staff,Gemma_Jones
Hogwarts_staff,Ghosts_(Harry_Potter)
Hogwarts_staff,Gilderoy_Lockhart
Hogwarts_staff,Ginny_Weasley
Hogwarts_staff,Glen
Hogwarts_staff,Gringotts_Bank
Hogwarts_staff,Gryffindor
Hogwarts_staff,Hagrid
Hogwarts_staff,Hagrid%27s_Magical_Creatures_Motorbike_Adventure
Hogwarts_staff,"Harry,_A_History"
Hogwarts_staff,Harry_Potter
Hogwarts_staff,Harry_Potter_(TV_series)
Hogwarts_staff,Harry_Potter_(character)
Hogwarts_staff,Harry_Potter_(film_series)
Hogwarts_staff,Harry_Potter_Movie_Magic_Experience
Hogwarts_staff,Harry_Potter_Trading_Card_Game
Hogwarts_staff,Harry_Potter_and_the_Chamber_of_Secrets
Hogwarts_staff,Harry_Potter_and_the_Chamber_of_Secrets_(film)
Hogwarts_staff,Harry_Potter_and_the_Chamber_of_Secrets_(soundtrack)
Hogwarts_staff,Harry_Potter_and_the_Chamber_of_Secrets_(video_game)
Hogwarts_staff,Harry_Potter_and_the_Cursed_Child
Hogwarts_staff,Harry_Potter_and_the_Deathly_Hallows
Hogwarts_staff,Harry_Potter_and_the_Deathly_Hallows_%E2%80%93_Part_1
Hogwarts_staff,Harry_Potter_and_the_Deathly_Hallows_%E2%80%93_Part_1_(soundtrack)
Hogwarts_staff,Harry_Potter_and_the_Deathly_Hallows_%E2%80%93_Part_1_(video_game)
Hogwarts_staff,Harry_Potter_and_the_Deathly_Hallows_%E2%80%93_Part_2
Hogwarts_staff,Harry_Potter_and_the_Deathly_Hallows_%E2%80%93_Part_2_(soundtrack)
Hogwarts_staff,Harry_Potter_and_the_Deathly_Hallows_%E2%80%93_Part_2_(video_game)
Hogwarts_staff,Harry_Potter_and_the_Escape_from_Gringotts
Hogwarts_staff,Harry_Potter_and_the_Forbidden_Journey
Hogwarts_staff,Harry_Potter_and_the_Goblet_of_Fire
Hogwarts_staff,Harry_Potter_and_the_Goblet_of_Fire_(film)
Hogwarts_staff,Harry_Potter_and_the_Goblet_of_Fire_(soundtrack)
Hogwarts_staff,Harry_Potter_and_the_Goblet_of_Fire_(video_game)
Hogwarts_staff,Harry_Potter_and_the_Half-Blood_Prince
Hogwarts_staff,Harry_Potter_and_the_Half-Blood_Prince_(film)
Hogwarts_staff,Harry_Potter_and_the_Half-Blood_Prince_(soundtrack)
Hogwarts_staff,Harry_Potter_and_the_Half-Blood_Prince_(video_game)
Hogwarts_staff,Harry_Potter_and_the_Methods_of_Rationality
Hogwarts_staff,Harry_Potter_and_the_Order_of_the_Phoenix
Hogwarts_staff,Harry_Potter_and_the_Order_of_the_Phoenix_(film)
Hogwarts_staff,Harry_Potter_and_the_Order_of_the_Phoenix_(soundtrack)
Hogwarts_staff,Harry_Potter_and_the_Order_of_the_Phoenix_(video_game)
Hogwarts_staff,Harry_Potter_and_the_Philosopher%27s_Stone
Hogwarts_staff,Harry_Potter_and_the_Philosopher%27s_Stone_(2003_video_game)
Hogwarts_staff,Harry_Potter_and_the_Philosopher%27s_Stone_(Game_Boy_Advance_video_game)
Hogwarts_staff,Harry_Potter_and_the_Philosopher%27s_Stone_(Game_Boy_Color_video_game)
Hogwarts_staff,Harry_Potter_and_the_Philosopher%27s_Stone_(PC_video_game)
Hogwarts_staff,Harry_Potter_and_the_Philosopher%27s_Stone_(PlayStation_video_game)
Hogwarts_staff,Harry_Potter_and_the_Philosopher%27s_Stone_(film)
Hogwarts_staff,Harry_Potter_and_the_Philosopher%27s_Stone_(soundtrack)
Hogwarts_staff,Harry_Potter_and_the_Prisoner_of_Azkaban
Hogwarts_staff,Harry_Potter_and_the_Prisoner_of_Azkaban_(film)
Hogwarts_staff,Harry_Potter_and_the_Prisoner_of_Azkaban_(soundtrack)
Hogwarts_staff,Harry_Potter_and_the_Prisoner_of_Azkaban_(video_game)
Hogwarts_staff,Harry_Potter_and_the_Sacred_Text
Hogwarts_staff,Harry_Potter_fandom
Hogwarts_staff,Harry_Potter_for_Kinect
Hogwarts_staff,Harry_Potter_in_Calcutta
Hogwarts_staff,Harry_Potter_in_amusement_parks
Hogwarts_staff,Harry_Potter_influences_and_analogues
Hogwarts_staff,Harry_Potter_prequel
Hogwarts_staff,Harry_Potter_video_games
Hogwarts_staff,Headless_Hunt
Hogwarts_staff,Hearst_UK
Hogwarts_staff,Hedwig%27s_Theme
Hogwarts_staff,Helena_Ravenclaw
Hogwarts_staff,Hepzibah_Smith
Hogwarts_staff,Herbology_(Harry_Potter)
Hogwarts_staff,Hermione_Granger
Hogwarts_staff,Hermione_Granger_and_the_Quarter_Life_Crisis
Hogwarts_staff,Heyday_Films
Hogwarts_staff,History_of_Magic_(Harry_Potter)
Hogwarts_staff,Hogwarts
Hogwarts_staff,Hogwarts_Express
Hogwarts_staff,Hogwarts_Express_(Universal_Orlando_Resort)
Hogwarts_staff,Hogwarts_Legacy
Hogwarts_staff,Hogwarts_School_of_Prayer_and_Miracles
Hogwarts_staff,Horcrux
Hogwarts_staff,Horcruxes
Hogwarts_staff,House-elf
Hogwarts_staff,Hufflepuff
Hogwarts_staff,ISBN_(identifier)
Hogwarts_staff,Ian_Hart
Hogwarts_staff,Independent_(newspaper)
Hogwarts_staff,J.K._Rowling
Hogwarts_staff,J._K._Rowling
Hogwarts_staff,Jim_Broadbent
Hogwarts_staff,Jkrowling.com
Hogwarts_staff,John_Cleese
Hogwarts_staff,Justin_Finch-Fletchley
Hogwarts_staff,Kelly_Macdonald
Hogwarts_staff,Kenneth_Branagh
Hogwarts_staff,Kingsley_Shacklebolt
Hogwarts_staff,Legal_disputes_over_the_Harry_Potter_series
Hogwarts_staff,Lego_Dimensions
Hogwarts_staff,Lego_Harry_Potter
Hogwarts_staff,Lily_Potter
Hogwarts_staff,List_of_Fantastic_Beasts_cast_members
Hogwarts_staff,List_of_Fantastic_Beasts_characters
Hogwarts_staff,List_of_Harry_Potter_cast_members
Hogwarts_staff,List_of_Harry_Potter_characters
Hogwarts_staff,List_of_Harry_Potter_translations
Hogwarts_staff,List_of_Wizarding_World_cast_members
Hogwarts_staff,List_of_accolades_received_by_Harry_Potter_and_the_Deathly_Hallows_%E2%80%93_Part_2
Hogwarts_staff,List_of_organisms_named_after_the_Harry_Potter_series
Hogwarts_staff,Lord_Voldemort
Hogwarts_staff,Luna_Lovegood
Hogwarts_staff,MTV_News
Hogwarts_staff,Mad-Eye_Moody
Hogwarts_staff,Magic_in_Harry_Potter
Hogwarts_staff,Magical_creatures_in_Harry_Potter
Hogwarts_staff,Magical_objects_in_Harry_Potter
Hogwarts_staff,Maine_Coon
Hogwarts_staff,Mandrakes_(Harry_Potter)
Hogwarts_staff,Marauder%27s_Map
Hogwarts_staff,Massachusetts
Hogwarts_staff,Meritocracy
Hogwarts_staff,Mike_Newell_(director)
Hogwarts_staff,Minerva_McGonagall
Hogwarts_staff,Ministry_of_Magic
Hogwarts_staff,Miriam_Margolyes
Hogwarts_staff,Mirror_of_Erised
Hogwarts_staff,Mischief_Management
Hogwarts_staff,Molly_Weasley
Hogwarts_staff,Muddle_Earth_Too
Hogwarts_staff,Muggle
Hogwarts_staff,MuggleNet
Hogwarts_staff,Muggle_Studies
Hogwarts_staff,Muggles
Hogwarts_staff,Music_of_the_Harry_Potter_films
Hogwarts_staff,My_Immortal_(fan_fiction)
Hogwarts_staff,Nagini_(Harry_Potter)
Hogwarts_staff,Neville_Longbottom
Hogwarts_staff,Nina_Young
Hogwarts_staff,Non-playable_character
Hogwarts_staff,Order_of_the_Garter
Hogwarts_staff,Order_of_the_Phoenix_(fictional_organisation)
Hogwarts_staff,Order_of_the_Phoenix_(organisation)
Hogwarts_staff,Outline_of_Harry_Potter
Hogwarts_staff,Parodies_of_Harry_Potter
Hogwarts_staff,Peeves
Hogwarts_staff,Penance
Hogwarts_staff,Petrifaction_in_mythology_and_fiction
Hogwarts_staff,Petrification
Hogwarts_staff,Places_in_Harry_Potter
Hogwarts_staff,Politics_of_Harry_Potter
Hogwarts_staff,Pollomuhku_ja_Posityyhtynen
Hogwarts_staff,Poltergeist
Hogwarts_staff,Portkey_Games
Hogwarts_staff,Portugal
Hogwarts_staff,Potions_(Harry_Potter)
Hogwarts_staff,Potter_Puppet_Pals
Hogwarts_staff,Potterless
Hogwarts_staff,Pottermore
Hogwarts_staff,Production_of_Harry_Potter_and_the_Deathly_Hallows
Hogwarts_staff,Professor_Binns
Hogwarts_staff,Professor_Quirrell
Hogwarts_staff,"Puffs,_or_Seven_Increasingly_Eventful_Years_at_a_Certain_School_of_Magic_and_Magic"
Hogwarts_staff,Quidditch
Hogwarts_staff,Quidditch_Through_the_Ages
Hogwarts_staff,Ravenclaw
Hogwarts_staff,Religious_debates_over_the_Harry_Potter_series
Hogwarts_staff,Remus_Lupin
Hogwarts_staff,Romania
Hogwarts_staff,Ron_Weasley
Hogwarts_staff,Room_of_Requirement
Hogwarts_staff,Rubeus_Hagrid
Hogwarts_staff,Scorbus
Hogwarts_staff,Sequin
Hogwarts_staff,Severus_Snape
Hogwarts_staff,Severus_Snape_and_the_Marauders
Hogwarts_staff,"Short_Stories_from_Hogwarts_of_Heroism,_Hardship_and_Dangerous_Hobbies"
Hogwarts_staff,"Short_Stories_from_Hogwarts_of_Power,_Politics_and_Pesky_Poltergeists"
Hogwarts_staff,Sibyl
Hogwarts_staff,Simon_Fisher-Becker
Hogwarts_staff,Sirius_Black
Hogwarts_staff,Slytherin
Hogwarts_staff,Sorting_Hat
Hogwarts_staff,South_Wales_Evening_Post
Hogwarts_staff,Squib_(Harry_Potter)
Hogwarts_staff,Stereotype
Hogwarts_staff,Straitjacket
Hogwarts_staff,Terence_Bayler
Hogwarts_staff,The-Leaky-Cauldron.org
Hogwarts_staff,The_Harry_Potter_Lexicon
Hogwarts_staff,The_Leaky_Cauldron_(website)
Hogwarts_staff,The_Magical_Worlds_of_Harry_Potter
Hogwarts_staff,The_Register
Hogwarts_staff,The_Tales_of_Beedle_the_Bard
Hogwarts_staff,The_Wizarding_World_of_Harry_Potter
Hogwarts_staff,The_Wizarding_World_of_Harry_Potter_(Universal_Orlando_Resort)
Hogwarts_staff,The_Wizarding_World_of_Harry_Potter_(Universal_Studios_Beijing)
Hogwarts_staff,The_Wizarding_World_of_Harry_Potter_(Universal_Studios_Hollywood)
Hogwarts_staff,The_Wizarding_World_of_Harry_Potter_(Universal_Studios_Japan)
Hogwarts_staff,Theft
Hogwarts_staff,Tom_Riddle
Hogwarts_staff,Trance
Hogwarts_staff,Transfiguration_(Harry_Potter)
Hogwarts_staff,Treehouse_of_Horror_XII
Hogwarts_staff,Triwizard_Tournament
Hogwarts_staff,Turban
Hogwarts_staff,Tweet_(social_media)
Hogwarts_staff,Twitter
Hogwarts_staff,Unforgivable_Curses
Hogwarts_staff,Vampires
Hogwarts_staff,Vanity_Fair_(magazine)
Hogwarts_staff,Vincent_Crabbe
Hogwarts_staff,Voldemort
Hogwarts_staff,Wand
Hogwarts_staff,Warner_Bros.
Hogwarts_staff,Warner_Bros._Entertainment_Inc.
Hogwarts_staff,Warner_Bros._Studio_Tour_London_%E2%80%93_The_Making_of_Harry_Potter
Hogwarts_staff,Warner_Bros._Studio_Tour_Shanghai_%E2%80%93_The_Making_of_Harry_Potter
Hogwarts_staff,Warner_Bros._Studio_Tour_Tokyo_%E2%80%93_The_Making_of_Harry_Potter
Hogwarts_staff,Warwick_Davis
Hogwarts_staff,Wayback_Machine
Hogwarts_staff,Weasley_twins
Hogwarts_staff,"Wizard_People,_Dear_Reader"
Hogwarts_staff,Wizard_rock
Hogwarts_staff,Wizarding_World
Hogwarts_staff,Wizarding_World_Digital
Hogwarts_staff,Wolfstar
Hogwarts_staff,Wrockstock
Hogwarts_staff,Xenophilius_Lovegood
Hogwarts_staff,Zombie
Marcus_Flint,A_Celebration_of_Harry_Potter
Marcus_Flint,A_Very_Potter_Musical
Marcus_Flint,A_Very_Potter_Musical_(album)
Marcus_Flint,A_Very_Potter_Senior_Year
Marcus_Flint,A_Very_Potter_Sequel
Marcus_Flint,A_Very_Potter_Sequel_(EP)
Marcus_Flint,Acromantula
Marcus_Flint,Alastor_Moody
Marcus_Flint,Albus_Dumbledore
Marcus_Flint,Alecto_Carrow
Marcus_Flint,Alfred_Enoch
Marcus_Flint,All_the_Young_Dudes_(fan_fiction)
Marcus_Flint,Amazon_Standard_Identification_Number
Marcus_Flint,Amycus_Carrow
Marcus_Flint,Andy_Linden_(actor)
Marcus_Flint,Angelina_Johnson
Marcus_Flint,Animagus
Marcus_Flint,Ariana_Dumbledore
Marcus_Flint,Auror
Marcus_Flint,Avada_Kedavra
Marcus_Flint,Azkaban
Marcus_Flint,Barty_Crouch_Jr
Marcus_Flint,Barty_Crouch_Jr.
Marcus_Flint,Basilisk_(Harry_Potter)
Marcus_Flint,Battle_of_Hogwarts
Marcus_Flint,Beauxbatons
Marcus_Flint,Bellatrix_Lestrange
Marcus_Flint,Blaise_Zabini
Marcus_Flint,Blake_Ritson
Marcus_Flint,Bloomsbury_Publishing
Marcus_Flint,Book_of_Potions
Marcus_Flint,Book_of_Spells
Marcus_Flint,Brendan_Gleeson
Marcus_Flint,Business_Insider
Marcus_Flint,Bustle_(magazine)
Marcus_Flint,Care_of_Magical_Creatures
Marcus_Flint,Carolyn_Pickles
Marcus_Flint,Chamber_of_Secrets
Marcus_Flint,Chiron
Marcus_Flint,Ciar%C3%A1n_Hinds
Marcus_Flint,CinemaBlend
Marcus_Flint,Cl%C3%A9mence_Po%C3%A9sy
Marcus_Flint,Claudia_Kim
Marcus_Flint,Colin_Farrell
Marcus_Flint,Comic_Book_Resources
Marcus_Flint,Cornelius_Fudge
Marcus_Flint,Daily_Express
Marcus_Flint,Daily_Prophet
Marcus_Flint,David_Bradley_(English_actor)
Marcus_Flint,David_Brett
Marcus_Flint,David_Ryall
Marcus_Flint,Death_Eater
Marcus_Flint,Deathly_Hallows
Marcus_Flint,Defence_Against_the_Dark_Arts
Marcus_Flint,Dementor%27s_Kiss
Marcus_Flint,Department_of_Magical_Games_and_Sports
Marcus_Flint,Devon_Murray
Marcus_Flint,Diagon_Alley
Marcus_Flint,Divination_(Harry_Potter)
Marcus_Flint,Dobby_(Harry_Potter)
Marcus_Flint,Dolores_Umbridge
Marcus_Flint,Domhnall_Gleeson
Marcus_Flint,Draco_Malfoy
Marcus_Flint,Dragon_Challenge
Marcus_Flint,Drarry
Marcus_Flint,E!_Online
Marcus_Flint,Edward_Randell
Marcus_Flint,Eleanor_Columbus
Marcus_Flint,Emma_Thompson
Marcus_Flint,Epic_Movie
Marcus_Flint,Eric_Sykes
Marcus_Flint,Esquire_(magazine)
Marcus_Flint,Express_Newspapers
Marcus_Flint,Fandom_Forward
Marcus_Flint,Fantastic_Beasts
Marcus_Flint,Fantastic_Beasts_(film_series)
Marcus_Flint,Fantastic_Beasts_and_Where_to_Find_Them_(book)
Marcus_Flint,Fantastic_Beasts_and_Where_to_Find_Them_(film)
Marcus_Flint,Fantastic_Beasts_and_Where_to_Find_Them_(soundtrack)
Marcus_Flint,Fenrir_Greyback
Marcus_Flint,Fictional_universe_of_Harry_Potter
Marcus_Flint,Fiona_Glascott
Marcus_Flint,Fiona_Shaw
Marcus_Flint,Flight_of_the_Hippogriff
Marcus_Flint,Frances_de_la_Tour
Marcus_Flint,Fred_and_George_Weasley
Marcus_Flint,Freddie_Stroma
Marcus_Flint,Gemma_Jones
Marcus_Flint,George_Weasley
Marcus_Flint,Georgina_Leonidas
Marcus_Flint,Ginny_Weasley
Marcus_Flint,Godric%27s_Hollow
Marcus_Flint,Gringotts_Wizarding_Bank
Marcus_Flint,Guy_Fawkes
Marcus_Flint,Hagrid
Marcus_Flint,Hagrid%27s_Magical_Creatures_Motorbike_Adventure
Marcus_Flint,Half-Blood_Prince
Marcus_Flint,Half-blood_(Harry_Potter)
Marcus_Flint,"Harry,_A_History"
Marcus_Flint,Harry_Melling_(actor)
Marcus_Flint,Harry_Potter
Marcus_Flint,Harry_Potter_(TV_series)
Marcus_Flint,Harry_Potter_(character)
Marcus_Flint,Harry_Potter_(film_series)
Marcus_Flint,Harry_Potter_Movie_Magic_Experience
Marcus_Flint,Harry_Potter_Trading_Card_Game
Marcus_Flint,Harry_Potter_and_the_Chamber_of_Secrets
Marcus_Flint,Harry_Potter_and_the_Chamber_of_Secrets_(film)
Marcus_Flint,Harry_Potter_and_the_Chamber_of_Secrets_(soundtrack)
Marcus_Flint,Harry_Potter_and_the_Chamber_of_Secrets_(video_game)
Marcus_Flint,Harry_Potter_and_the_Cursed_Child
Marcus_Flint,Harry_Potter_and_the_Deathly_Hallows
Marcus_Flint,Harry_Potter_and_the_Deathly_Hallows_%E2%80%93_Part_1
Marcus_Flint,Harry_Potter_and_the_Deathly_Hallows_%E2%80%93_Part_1_(soundtrack)
Marcus_Flint,Harry_Potter_and_the_Deathly_Hallows_%E2%80%93_Part_1_(video_game)
Marcus_Flint,Harry_Potter_and_the_Deathly_Hallows_%E2%80%93_Part_2
Marcus_Flint,Harry_Potter_and_the_Deathly_Hallows_%E2%80%93_Part_2_(soundtrack)
Marcus_Flint,Harry_Potter_and_the_Deathly_Hallows_%E2%80%93_Part_2_(video_game)
Marcus_Flint,Harry_Potter_and_the_Escape_from_Gringotts
Marcus_Flint,Harry_Potter_and_the_Forbidden_Journey
Marcus_Flint,Harry_Potter_and_the_Goblet_of_Fire
Marcus_Flint,Harry_Potter_and_the_Goblet_of_Fire_(film)
Marcus_Flint,Harry_Potter_and_the_Goblet_of_Fire_(soundtrack)
Marcus_Flint,Harry_Potter_and_the_Goblet_of_Fire_(video_game)
Marcus_Flint,Harry_Potter_and_the_Half-Blood_Prince
Marcus_Flint,Harry_Potter_and_the_Half-Blood_Prince_(film)
Marcus_Flint,Harry_Potter_and_the_Half-Blood_Prince_(soundtrack)
Marcus_Flint,Harry_Potter_and_the_Half-Blood_Prince_(video_game)
Marcus_Flint,Harry_Potter_and_the_Methods_of_Rationality
Marcus_Flint,Harry_Potter_and_the_Order_of_the_Phoenix
Marcus_Flint,Harry_Potter_and_the_Order_of_the_Phoenix_(film)
Marcus_Flint,Harry_Potter_and_the_Order_of_the_Phoenix_(soundtrack)
Marcus_Flint,Harry_Potter_and_the_Order_of_the_Phoenix_(video_game)
Marcus_Flint,Harry_Potter_and_the_Philosopher%27s_Stone
Marcus_Flint,Harry_Potter_and_the_Philosopher%27s_Stone_(2003_video_game)
Marcus_Flint,Harry_Potter_and_the_Philosopher%27s_Stone_(Game_Boy_Advance_video_game)
Marcus_Flint,Harry_Potter_and_the_Philosopher%27s_Stone_(Game_Boy_Color_video_game)
Marcus_Flint,Harry_Potter_and_the_Philosopher%27s_Stone_(PC_video_game)
Marcus_Flint,Harry_Potter_and_the_Philosopher%27s_Stone_(PlayStation_video_game)
Marcus_Flint,Harry_Potter_and_the_Philosopher%27s_Stone_(film)
Marcus_Flint,Harry_Potter_and_the_Philosopher%27s_Stone_(soundtrack)
Marcus_Flint,Harry_Potter_and_the_Prisoner_of_Azkaban
Marcus_Flint,Harry_Potter_and_the_Prisoner_of_Azkaban_(film)
Marcus_Flint,Harry_Potter_and_the_Prisoner_of_Azkaban_(soundtrack)
Marcus_Flint,Harry_Potter_and_the_Prisoner_of_Azkaban_(video_game)
Marcus_Flint,Harry_Potter_and_the_Sacred_Text
Marcus_Flint,Harry_Potter_fandom
Marcus_Flint,Harry_Potter_for_Kinect
Marcus_Flint,Harry_Potter_in_Calcutta
Marcus_Flint,Harry_Potter_in_amusement_parks
Marcus_Flint,Harry_Potter_influences_and_analogues
Marcus_Flint,Harry_Potter_prequel
Marcus_Flint,Harry_Potter_video_games
Marcus_Flint,Hazel_Douglas
Marcus_Flint,Hedwig%27s_Theme
Marcus_Flint,Helena_Barlow
Marcus_Flint,Henry_Cavill
Marcus_Flint,Herbology
Marcus_Flint,Hermione_Granger
Marcus_Flint,Hermione_Granger_and_the_Quarter_Life_Crisis
Marcus_Flint,Heyday_Films
Marcus_Flint,Hog%27s_Head
Marcus_Flint,Hogsmeade
Marcus_Flint,Hogwarts
Marcus_Flint,Hogwarts_Express_(Universal_Orlando_Resort)
Marcus_Flint,Hogwarts_High_Inquisitor
Marcus_Flint,Hogwarts_Legacy
Marcus_Flint,Hogwarts_School_of_Prayer_and_Miracles
Marcus_Flint,Hogwarts_staff
Marcus_Flint,Horcrux
Marcus_Flint,House-elf
Marcus_Flint,Hugh_Mitchell_(actor)
Marcus_Flint,IGN
Marcus_Flint,ISBN_(identifier)
Marcus_Flint,Ian_Hart
Marcus_Flint,J.K._Rowling
Marcus_Flint,J._K._Rowling
Marcus_Flint,James_Phelps_(actor)
Marcus_Flint,James_Potter_(character)
Marcus_Flint,Jamie_Campbell_Bower
Marcus_Flint,Jamie_Waylett
Marcus_Flint,Jennifer_Smith_(actress)
Marcus_Flint,Jessie_Cave
Marcus_Flint,Jim_Broadbent
Marcus_Flint,Jim_McManus_(British_actor)
Marcus_Flint,Johnny_Depp
Marcus_Flint,Joshua_Herdman
Marcus_Flint,Julie_Christie
Marcus_Flint,Julie_Walters
Marcus_Flint,Kathryn_Hunter
Marcus_Flint,Katie_Leung
Marcus_Flint,Kelly_Macdonald
Marcus_Flint,Kenneth_Branagh
Marcus_Flint,Legal_disputes_over_the_Harry_Potter_series
Marcus_Flint,Lego_Dimensions
Marcus_Flint,Lego_Harry_Potter
Marcus_Flint,List_of_Fantastic_Beasts_cast_members
Marcus_Flint,List_of_Fantastic_Beasts_characters
Marcus_Flint,List_of_Harry_Potter_cast_members
Marcus_Flint,List_of_Harry_Potter_films_cast_members
Marcus_Flint,List_of_Harry_Potter_translations
Marcus_Flint,List_of_Wizarding_World_cast_members
Marcus_Flint,List_of_accolades_received_by_Harry_Potter_and_the_Deathly_Hallows_%E2%80%93_Part_2
Marcus_Flint,List_of_organisms_named_after_the_Harry_Potter_series
Marcus_Flint,Lord_Voldemort
Marcus_Flint,Lucius_Malfoy
Marcus_Flint,Ludo_Bagman
Marcus_Flint,Luna_Lovegood
Marcus_Flint,Lycosa_aragogi
Marcus_Flint,Mads_Mikkelsen
Marcus_Flint,Mafalda_Hopkirk
Marcus_Flint,Maggie_Smith
Marcus_Flint,Magic_in_Harry_Potter
Marcus_Flint,Magical_creatures_in_Harry_Potter
Marcus_Flint,Magical_objects_in_Harry_Potter
Marcus_Flint,Magizoologist
Marcus_Flint,Malfoy_Manor
Marcus_Flint,Malfoy_family
Marcus_Flint,Mashable
Marcus_Flint,Metamorphmagus
Marcus_Flint,Michael_Byrne_(actor)
Marcus_Flint,Minerva_McGonagall
Marcus_Flint,Minister_for_Magic
Marcus_Flint,Ministry_of_Magic
Marcus_Flint,Miranda_Richardson
Marcus_Flint,Miriam_Margolyes
Marcus_Flint,Mischief_Management
Marcus_Flint,Molly_Weasley
Marcus_Flint,Muddle_Earth_Too
Marcus_Flint,Muggle
Marcus_Flint,MuggleNet
Marcus_Flint,Muggle_Studies
Marcus_Flint,Music_of_the_Harry_Potter_films
Marcus_Flint,My_Immortal_(fan_fiction)
Marcus_Flint,Neville_Longbottom
Marcus_Flint,Newt_Scamander
Marcus_Flint,Nina_Young
Marcus_Flint,Nymphadora_Tonks
Marcus_Flint,Oliver_Phelps_(actor)
Marcus_Flint,Order_of_the_Phoenix_(fictional_organisation)
Marcus_Flint,Order_of_the_Phoenix_(fictional_organization)
Marcus_Flint,Outline_of_Harry_Potter
Marcus_Flint,Pam_Ferris
Marcus_Flint,Parodies_of_Harry_Potter
Marcus_Flint,Parseltongue
Marcus_Flint,Paul_Whitehouse
Marcus_Flint,Percy_Weasley
Marcus_Flint,Peter_Cartwright_(actor)
Marcus_Flint,Peter_Pettigrew_(character)
Marcus_Flint,Philosopher%27s_stone_(Harry_Potter)
Marcus_Flint,Phoenix_(mythology)
Marcus_Flint,Places_in_Harry_Potter
Marcus_Flint,Politics_of_Harry_Potter
Marcus_Flint,Pollomuhku_ja_Posityyhtynen
Marcus_Flint,Poltergeist
Marcus_Flint,Polyjuice_Potion
Marcus_Flint,Portkey_Games
Marcus_Flint,Potions_(Harry_Potter)
Marcus_Flint,Potter_Puppet_Pals
Marcus_Flint,Potterless
Marcus_Flint,Prefect
Marcus_Flint,Production_of_Harry_Potter_and_the_Deathly_Hallows
Marcus_Flint,"Puffs,_or_Seven_Increasingly_Eventful_Years_at_a_Certain_School_of_Magic_and_Magic"
Marcus_Flint,Quidditch
Marcus_Flint,Quidditch_Through_the_Ages
Marcus_Flint,Ravenclaw
Marcus_Flint,Ray_Fearon
Marcus_Flint,Religious_debates_over_the_Harry_Potter_series
Marcus_Flint,Remus_Lupin
Marcus_Flint,Richard_Coyle
Marcus_Flint,Richard_Griffiths
Marcus_Flint,Rik_Mayall
Marcus_Flint,Robert_Pattinson
Marcus_Flint,Ron_Weasley
Marcus_Flint,Rubeus_Hagrid
Marcus_Flint,Rufus_Scrimgeour
Marcus_Flint,Scorbus
Marcus_Flint,Screen_Rant
Marcus_Flint,Sean_Biggerstaff
Marcus_Flint,Severus_Snape
Marcus_Flint,Severus_Snape_and_the_Marauders
Marcus_Flint,Shirley_Henderson
Marcus_Flint,"Short_Stories_from_Hogwarts_of_Heroism,_Hardship_and_Dangerous_Hobbies"
Marcus_Flint,"Short_Stories_from_Hogwarts_of_Power,_Politics_and_Pesky_Poltergeists"
Marcus_Flint,Simon_Fisher-Becker
Marcus_Flint,Sirius_Black
Marcus_Flint,Slug_Club
Marcus_Flint,Slytherin
Marcus_Flint,Smear_campaign
Marcus_Flint,Sorting_Hat
Marcus_Flint,Squib_(Harry_Potter)
Marcus_Flint,Stanislav_Ianevski
Marcus_Flint,Sword_of_Gryffindor
Marcus_Flint,Terence_Bayler
Marcus_Flint,The_Chicago_Tribune
Marcus_Flint,The_Harry_Potter_Lexicon
Marcus_Flint,The_Leaky_Cauldron_(pub)
Marcus_Flint,The_Leaky_Cauldron_(website)
Marcus_Flint,The_Magical_Worlds_of_Harry_Potter
Marcus_Flint,The_Register
Marcus_Flint,The_Tales_of_Beedle_the_Bard
Marcus_Flint,The_Three_Broomsticks
Marcus_Flint,The_Wizarding_World_of_Harry_Potter
Marcus_Flint,The_Wizarding_World_of_Harry_Potter_(Universal_Orlando_Resort)
Marcus_Flint,The_Wizarding_World_of_Harry_Potter_(Universal_Studios_Beijing)
Marcus_Flint,The_Wizarding_World_of_Harry_Potter_(Universal_Studios_Hollywood)
Marcus_Flint,The_Wizarding_World_of_Harry_Potter_(Universal_Studios_Japan)
Marcus_Flint,Tiana_Benjamin
Marcus_Flint,Toby_Jones
Marcus_Flint,Tom_Felton
Marcus_Flint,Tom_Riddle%27s_Diary
Marcus_Flint,Transfiguration_(Harry_Potter)
Marcus_Flint,Treehouse_of_Horror_XII
Marcus_Flint,Triwizard_Tournament
Marcus_Flint,Vanity_Fair_(magazine)
Marcus_Flint,Variety_(magazine)
Marcus_Flint,Veritaserum
Marcus_Flint,Verne_Troyer
Marcus_Flint,Walden_Macnair
Marcus_Flint,Warner_Bros._Studio_Tour_London_%E2%80%93_The_Making_of_Harry_Potter
Marcus_Flint,Warner_Bros._Studio_Tour_Shanghai_%E2%80%93_The_Making_of_Harry_Potter
Marcus_Flint,Warner_Bros._Studio_Tour_Tokyo_%E2%80%93_The_Making_of_Harry_Potter
Marcus_Flint,Warwick_Davis
Marcus_Flint,Weasleys%27_Wizard_Wheezes
Marcus_Flint,"Wizard_People,_Dear_Reader"
Marcus_Flint,Wizard_rock
Marcus_Flint,Wizarding_World
Marcus_Flint,Wizarding_World_Digital
Marcus_Flint,Wolfstar
Marcus_Flint,Wrockstock
Oxford_English_Dictionary,Corpus_linguistics
Professor_Trelawney,Warner_Bros._Studio_Tour_Tokyo_%E2%80%93_The_Making_of_Harry_Potter
Scottish_Arts_Council,Skills_Development_Scotland
Thriller_(genre),ISBN_(identifier)
