page_name,categories
...Ready_for_It%3F,"{'Number-one singles in Israel', 'Songs written by Shellback (record producer)', '2017 singles', 'Songs written by Ali Payami', 'Song recordings produced by Ali Payami', 'Big Machine Records singles', 'Songs written by Taylor Swift', 'Song recordings produced by Max Martin', '2017 songs', 'Electro songs', 'Taylor Swift songs', 'Songs written by Max Martin', 'Electropop songs', 'Song recordings produced by Shellback (record producer)', 'Music video controversies', 'Music videos directed by Joseph Kahn', 'Industrial songs'}"
1989_(album),"{'Big Machine Records albums', 'Synth-pop albums by American artists', 'Albums produced by Imogen Heap', 'Albums produced by Ryan Tedder', 'Albums produced by Jack Antonoff', 'Albums produced by Max Martin', 'Albums produced by Nathan Chapman (record producer)', 'Grammy Award for Album of the Year', '2014 albums', 'Albums produced by Mattman & Robin', 'Grammy Award for Best Pop Vocal Album', 'Albums produced by Shellback (record producer)', 'Albums produced by Ali Payami', 'Albums produced by Taylor Swift', 'Taylor Swift albums'}"
54th_Annual_Grammy_Awards,"{'Grammy Awards ceremonies', '2012 awards in the United States', 'February 2012 in the United States', '2012 music awards', '2012 in American music', '2012 in Los Angeles'}"
A_Boy_Named_Sue,"{'Shel Silverstein songs', 'Songs about parenthood', 'Songs written by Shel Silverstein', '1969 singles', 'Johnny Cash songs', 'Columbia Records singles', 'Song recordings produced by Chet Atkins', 'Song recordings produced by Bob Johnston', 'RCA Records singles', 'American novelty songs', '1969 songs', 'Live singles'}"
A_Sailor%27s_Guide_to_Earth,"{'Outlaw country albums', 'Sturgill Simpson albums', '2016 albums', 'Grammy Award for Best Country Album', 'Atlantic Records albums'}"
Album_era,"{'Albums', '1960s in music', '2010s in music', '2020s in music', '1990s in music', '1980s in music', 'Music industry', '2000s in music', '1970s in music', 'Recorded music', 'Popular music'}"
Alison_Cheek,"{'People from Adelaide', '21st-century American Episcopal priests', 'Australian emigrants to the United States', 'Australian Anglican priests', 'Australian Anglicans', 'Virginia Theological Seminary alumni', '1927 births', '2019 deaths', '20th-century American Episcopal priests', 'Episcopal Divinity School faculty', 'Women Anglican clergy', 'Episcopal Divinity School alumni', 'University of Adelaide alumni'}"
Alison_Stone_(philosopher),"{'Alumni of the University of Sussex', 'Living people', '1972 births', 'Philosophy journal editors', 'British women philosophers', 'British philosopher stubs', 'Academics of Lancaster University', 'British philosophers', '21st-century British philosophers', 'Scholars of feminist philosophy', 'Hegel scholars', '20th-century British philosophers'}"
AllMusic_(identifier),"{'1991 establishments in California', 'American music websites', 'Gopher (protocol)', '2015 mergers and acquisitions', '2007 mergers and acquisitions', 'Online music and lyrics databases', 'AllMusic', 'Internet properties established in 1991', 'Mass media companies established in 1991'}"
Amsterdam_(2022_film),"{'2020s comedy mystery films', 'American comedy thriller films', 'Canadian IMAX films', 'Films directed by David O. Russell', '20th Century Studios films', 'Films set in Manhattan', 'American historical comedy films', 'Canadian comedy thriller films', 'Films set in 1921', 'English-language historical thriller films', 'Films set in New Jersey', '2020s historical thriller films', 'Canadian historical thriller films', 'Great Depression films', 'Regency Enterprises films', 'American comedy mystery films', 'English-language Canadian films', 'Films set in 1919', 'Western Front (World War I) films', 'Films set in 1918', 'Films about conspiracy theories', 'American mystery thriller films', 'English-language comedy mystery films', '2020s Canadian films', 'Films set in France', '2022 films', 'English-language mystery thriller films', '2020s mystery thriller films', 'Canadian mystery thriller films', '2020s comedy thriller films', '2022 thriller films', 'Films produced by Arnon Milchan', 'Films about friendship', 'Canadian comedy mystery films', 'American murder mystery films', 'Films set in 1933', 'Films shot in Los Angeles', 'English-language comedy thriller films', 'Film productions suspended due to the COVID-19 pandemic', '2020s English-language films', '2022 comedy films', 'Films set in Amsterdam', '2020s American films', 'Films about veterans', 'Films scored by Daniel Pemberton', 'American IMAX films', 'American historical thriller films'}"
Andy_Morahan,"{'Living people', '1958 births', 'Film directors from London', 'People from Kensington', 'English music video directors', 'British advertising directors', 'People from Mendip District', 'Morahan family'}"
Begin_Again_(Taylor_Swift_song),"{'2012 singles', 'Country ballads', 'Song recordings produced by Taylor Swift', 'Song recordings produced by Dann Huff', 'Song recordings produced by Chris Rowe', 'Music videos directed by Philip Andelman', 'Song recordings produced by Nathan Chapman (record producer)', 'Folk ballads', 'Songs written by Taylor Swift', 'Big Machine Records singles', '2010s ballads', 'American soft rock songs', 'Rock ballads', 'Taylor Swift songs', 'Folk-pop songs', '2012 songs', 'American folk songs'}"
Billboard_Artist_100,"{'Billboard charts', 'American music stubs'}"
Bloomberg_News,"{'Mass media companies based in New York City', 'Bloomberg L.P.', 'News agencies based in the United States'}"
Blue_Ivy_Carter,"{'American voice actresses', '21st-century American singers', 'Knowles–Carter family', '21st-century American actresses', 'American child singers', '21st-century African-American actresses', 'African-American child actresses', 'Dancers from New York City', 'American people of Creole descent', '2012 births', 'American female dancers', 'Grammy Award winners', '21st-century American women singers', 'Actresses from Manhattan', 'Audiobook narrators', '21st-century African-American women singers', 'American film actresses', 'American people of Acadian descent', 'Living people', 'American child actresses', 'African-American female dancers', 'Singers from New York City', 'MTV Video Music Award winners', '21st-century American dancers'}"
Blurred_Lines,"{'Pharrell Williams songs', 'Songs written by Marvin Gaye', 'APRA Award winners', '2013 singles', 'Songs involved in plagiarism controversies', 'Song recordings produced by Pharrell Williams', 'Music video controversies', 'Number-one singles in Poland', 'Number-one singles in Germany', 'Number-one singles in Switzerland', 'T.I. songs', 'Music videos directed by Diane Martel', 'Canadian Hot 100 number-one singles', 'Number-one singles in Scotland', 'Songs written by Robin Thicke', 'Songs written by Ed Townsend', 'UK singles chart number-one singles', 'Record Report Pop Rock General number-one singles', 'Number-one singles in Australia', 'Robin Thicke songs', '2013 controversies', 'South African Airplay Chart number-one singles', 'Number-one singles in Spain', 'Songs written by T.I.', 'Number-one singles in Israel', 'Number-one singles in Austria', 'Songs involved in royalties controversies', 'Number-one singles in New Zealand', 'Billboard Hot 100 number-one singles', 'Irish Singles Chart number-one singles', 'Interscope Records singles', 'Obscenity controversies in music', 'Star Trak Entertainment singles', '2012 songs', 'Songs written by Pharrell Williams'}"
Bobby_Braddock,"{'Members of the Country Music Association', 'Living people', 'Musicians from Lakeland, Florida', 'American country singer-songwriters', 'American male singer-songwriters', 'Country musicians from Florida', 'Singer-songwriters from Florida', 'People from Auburndale, Florida', '1940 births', 'Country Music Hall of Fame inductees'}"
Boys_Like_Girls,"{'Rock music groups from Massachusetts', '2005 establishments in Massachusetts', 'Sony Music artists', 'American pop rock music groups', 'Pop punk groups from Massachusetts', 'Musical groups established in 2005', 'Fearless Records artists', 'Columbia Records artists', 'Alternative rock groups from Massachusetts'}"
"Broadcast_Music,_Inc.","{'Music licensing organizations', 'Organizations established in 1939', 'Organizations based in New York City', 'Broadcast Music, Inc.', '1939 establishments in the United States', 'Music organizations based in the United States'}"
Broadway_theatre,"{'Culture of New York City', 'Theater District, Manhattan', 'Broadway (Manhattan)', 'Theatre in the United States', 'Broadway theatre', 'Musical theatre in the United States'}"
Camila_Cabello,"{'Interscope Records artists', 'American contemporary R&B singers', 'Singers from Miami', 'Fifth Harmony members', '1997 births', 'Hispanic and Latino American women singers', 'Naturalized citizens of the United States', 'French-language singers of the United States', 'American women songwriters', 'Women in Latin music', 'Miami Palmetto Senior High School alumni', 'The X Factor (American TV series) contestants', 'Judges in American reality television series', 'American women pop singers', 'Hispanic and Latino American actresses', 'Latin Grammy Award winners', '21st-century American women singers', 'Camila Cabello', 'Geffen Records artists', 'Living people', 'Cuban emigrants to the United States', 'Mexican emigrants to the United States', 'MTV Video Music Award winners', 'American musicians with disabilities'}"
Cancelled!,"{'Song recordings produced by Taylor Swift', 'Songs written by Shellback (record producer)', '2025 songs', 'Songs written by Taylor Swift', 'Song recordings produced by Max Martin', 'Songs about actors', 'Taylor Swift songs', 'Songs written by Max Martin', 'Song recordings produced by Shellback (record producer)'}"
Daft_Punk,"{'French dance music groups', 'Bands with fictional stage personas', 'Musical groups disestablished in 2021', 'French remixers', 'Musical groups established in 1993', 'Masked musicians', 'Warner Records artists', 'Electronica music groups', '1993 establishments in France', 'Brit Award winners', 'Daft Punk', 'English-language musical groups from France', 'Male musical duos', 'Lycée Carnot alumni', '2021 disestablishments in France', 'Walt Disney Records artists', 'Columbia Records artists', 'Musical groups from Paris', 'Parlophone artists', 'French electronic music duos', 'Grammy Award winners for dance and electronic music', 'French club DJs', 'French house music groups', 'Virgin Records artists'}"
Daylight_(Taylor_Swift_song),"{'Song recordings produced by Taylor Swift', 'Songs written by Taylor Swift', '2010s ballads', '2019 songs', 'American synth-pop songs', 'Synth-pop ballads', 'Taylor Swift songs', 'Song recordings produced by Jack Antonoff'}"
Dear_John_(Taylor_Swift_song),"{'2010 songs', 'Song recordings produced by Taylor Swift', 'Songs about heartache', 'Country ballads', 'Song recordings produced by Chris Rowe', 'Song recordings produced by Nathan Chapman (record producer)', 'Country pop songs', 'Songs written by Taylor Swift', 'American soft rock songs', '2010s ballads', 'Songs about romance', 'Rock ballads', 'Pop ballads', 'Taylor Swift songs', 'Blues songs', 'Breakup songs'}"
Deng_Xiaoping,"{'Deng Xiaoping', ""Delegates to the 2nd National People's Congress"", 'Chinese reformers', 'People of the Sino-Vietnamese War', 'Chinese Communist Party politicians from Sichuan', '20th-century Chinese writers', 'Members of the 10th Politburo Standing Committee of the Chinese Communist Party', ""People's Republic of China politicians from Sichuan"", 'Politicide perpetrators', 'Members of the 11th Politburo Standing Committee of the Chinese Communist Party', 'Chinese expatriates in France', ""Ministers of finance of the People's Republic of China"", 'Victims of the Cultural Revolution', '1904 births', 'Members of the 8th Central Committee of the Chinese Communist Party', 'Chinese diplomats', '20th-century Chinese heads of government', 'Chinese expatriates in the Soviet Union', 'Chinese Marxists', ""Delegates to the 8th National People's Congress"", 'Members of the 10th Central Committee of the Chinese Communist Party', 'Members of the 7th Central Committee of the Chinese Communist Party', ""Politicians from Guang'an"", 'Spouses of Chinese politicians', 'Chinese politicians of Hakka descent', ""Delegates to the 3rd National People's Congress"", 'Time Person of the Year', 'Chinese revolutionaries', ""Delegates to the 5th National People's Congress"", 'Chinese nationalists', ""Deaths from Parkinson's disease"", 'Members of the 7th Politburo of the Chinese Communist Party', 'Heads of the Organization Department of the Chinese Communist Party', ""First vice premiers of the People's Republic of China"", 'Members of the 11th Central Committee of the Chinese Communist Party', 'Members of the 12th Central Committee of the Chinese Communist Party', 'Burials at sea', ""Delegates to the 4th National People's Congress"", '1997 deaths', ""Neurological disease deaths in the People's Republic of China"", 'Chinese guerrillas', ""Vice premiers of the People's Republic of China"", 'Moscow Sun Yat-sen University alumni', 'Members of the Secretariat of the Chinese Communist Party', 'Chinese people of World War II', ""Delegates to the 7th National People's Congress"", 'Members of the 8th Politburo Standing Committee of the Chinese Communist Party', 'Hakka writers', ""People's Liberation Army Chiefs of General Staff"", 'People of the Chinese Civil War', 'Members of the 12th Politburo Standing Committee of the Chinese Communist Party', 'Reform and opening up', 'Communist University of the Toilers of the East alumni'}"
Dobbs_v._Jackson_Women%27s_Health_Organization,"{'United States abortion case law', 'United States privacy case law', 'Right to privacy under the United States Constitution', 'United States Supreme Court decisions that overrule a prior Supreme Court decision', ""History of women's rights in the United States"", 'United States Supreme Court cases in 2022', 'Right to abortion under the United States Constitution', 'United States Supreme Court cases of the Roberts Court', 'United States Supreme Court cases', 'Anti-abortion movement in the United States', 'History of women in Mississippi', 'Medical lawsuits'}"
Double_Fantasy,"{'Yoko Ono albums', '1980 albums', 'Albums produced by Jack Douglas (record producer)', 'Geffen Records albums', 'John Lennon albums', 'Albums produced by John Lennon', 'Juno Award for International Album of the Year albums', 'Grammy Award for Album of the Year', 'Capitol Records albums', 'Albums produced by Yoko Ono'}"
Electric_Touch_(song),"{'Song recordings produced by Taylor Swift', 'Song recordings produced by Aaron Dessner', 'Songs written by Taylor Swift', 'American pop punk songs', 'American pop rock songs', '2023 songs', 'Fall Out Boy songs', 'Male–female vocal duets', 'Taylor Swift songs'}"
Erasmus_University_Rotterdam,"{'1913 establishments in the Netherlands', 'Universities in the Netherlands', 'Erasmus University Rotterdam', 'Universities and colleges established in 1913'}"
Espresso_(song),"{'Song recordings produced by Julian Bunetta', 'American funk songs', 'Grammy Award for Best Pop Solo Performance', 'Songs written by Sabrina Carpenter', 'American disco songs', 'Songs involved in plagiarism controversies', 'Songs about food and drink', 'Number-one singles in India', '2024 singles', 'Music videos directed by Dave Meyers (director)', 'Ultratop 50 Singles (Flanders) number-one singles', 'Billboard Global 200 number-one singles', 'Number-one singles in the Commonwealth of Independent States', 'Number-one singles in Singapore', 'Number-one singles in Turkey', 'Number-one singles in Malaysia', 'UK singles chart number-one singles', 'Number-one singles in Australia', 'South African Airplay Chart number-one singles', 'Songs written by Julian Bunetta', 'Number-one singles in Israel', 'Songs written by Amy Allen (songwriter)', 'Songs written by Steph Jones', 'Billboard Global Excl. U.S. number-one singles', 'Sabrina Carpenter songs', 'Irish Singles Chart number-one singles', 'Number-one singles in Belarus', 'Number-one singles in Latvia', 'Number-one singles in Bulgaria', '2024 songs', 'Island Records singles', 'Ultratop 50 Singles (Wallonia) number-one singles'}"
F._Scott_Fitzgerald,"{'American expatriates in Switzerland', 'American writers of Irish descent', 'Lost Generation writers', 'United States Army personnel of World War I', '20th-century American short story writers', 'Military personnel from Minnesota', 'American people of Irish descent', 'F. Scott Fitzgerald', 'American Roman Catholic writers', 'American expatriates in Italy', 'The New Yorker people', '1896 births', 'Deaths from arteriosclerosis', 'American psychological fiction writers', 'Novelists from Minnesota', ""Burials at Third Addition to Rockville and Old St. Mary's Church and Cemetery"", 'American male short story writers', 'American essayists', 'Writers from Saint Paul, Minnesota', '20th-century American novelists', 'Irish-American history', 'Esquire (magazine) people', '20th-century American male writers', 'Alcohol-related deaths in California', 'American expatriates in France', '20th-century American memoirists', 'American male novelists', 'Modernist writers', 'United States Army officers', '1940 deaths', 'American people of English descent', 'People with bipolar disorder', 'Catholics from Minnesota', '20th-century Roman Catholics', 'Princeton University alumni'}"
Fifty_Shades_Darker_(film),"{'Fifty Shades', '2017 films', 'American erotic drama films', 'American romantic drama films', 'Films directed by James Foley', '2010s American films', 'Universal Pictures films', 'Films based on British novels', 'English-language erotic drama films', 'BDSM in films', 'Works based on Twilight (novel series)', 'Films shot in Paris', 'Films based on romance novels', '2010s English-language films', 'Focus Features films', '2010s erotic drama films', 'Films produced by Michael De Luca', 'Films shot in Vancouver', '2017 romantic drama films', 'American sequel films', 'Golden Raspberry Award–winning films', 'American erotic romance films', 'Films scored by Danny Elfman', 'English-language romantic drama films', 'Perfect World Pictures films', 'Films set in Seattle'}"
Florida!!!,"{'Destin, Florida', 'Female vocal duets', 'Song recordings produced by Taylor Swift', 'Songs about Florida', 'Song recordings produced by Jack Antonoff', 'Songs written by Florence Welch', 'Songs written by Taylor Swift', 'Florence and the Machine songs', '2020s ballads', 'Taylor Swift songs', '2024 songs'}"
Forever_%26_Always,"{'Song recordings produced by Taylor Swift', 'Song recordings produced by Chris Rowe', 'Country pop songs', 'Songs written by Taylor Swift', 'American pop rock songs', 'Taylor Swift songs', 'Song recordings produced by Nathan Chapman (record producer)', '2008 songs', 'Breakup songs'}"
Formation_(song),"{'Songs written by Mike Will Made It', 'Sampling controversies', 'MTV Video Music Award for Best Direction', 'Song recordings produced by Mike Will Made It', 'Songs written by Beyoncé', 'Columbia Records singles', 'LGBTQ-related songs', 'Music video controversies', 'Trap music songs', 'Music videos directed by Melina Matsoukas', 'Songs about racism and xenophobia', 'American protest songs', '2016 singles', 'Beyoncé songs', '2016 songs', 'Grammy Award for Best Short Form Music Video', 'Song recordings produced by Beyoncé', 'Black Lives Matter art', 'Songs written by Swae Lee', 'Bounce music songs', 'MTV Video of the Year Award', 'Songs written by Asheton Hogan'}"
Frank_J._Myers,"{'Country musicians from Ohio', 'Musicians from Dayton, Ohio', 'Living people', 'Record producers from Ohio', 'American country singer-songwriters', 'Grammy Award winners', '1957 births', 'Singer-songwriters from Ohio'}"
Fulfillingness%27_First_Finale,"{'Stevie Wonder albums', 'Albums recorded at Westlake Recording Studios', 'Tamla Records albums', 'Albums recorded at Record Plant (Los Angeles)', 'Grammy Award for Album of the Year', 'Albums produced by Malcolm Cecil', 'Grammy Award for Best Male Pop Vocal Performance', '1974 albums', 'Albums produced by Stevie Wonder', 'Albums recorded at Electric Lady Studios', 'Progressive soul albums'}"
GLAAD,"{'Organizations established in 1985', 'Anti-bullying organizations in the United States', 'LGBTQ portrayals in mass media', 'Mass media monitoring', 'Organizations based in New York City', 'LGBTQ political advocacy groups in the United States', 'Organizations based in Los Angeles', 'Anti-homophobia', '1985 establishments in New York City'}"
Gangsta%27s_Paradise,"{'Number-one singles in Sweden', 'G-funk songs', 'Warner Records singles', '1995 songs', 'Number-one singles in Finland', 'European Hot 100 Singles number-one singles', 'Songs written by Stevie Wonder', 'Number-one singles in Italy', '1995 singles', 'Number-one singles in Germany', 'Number-one singles in Switzerland', 'Ultratop 50 Singles (Flanders) number-one singles', 'Grammy Award for Best Rap Solo Performance', 'Number-one singles in Scotland', 'Tommy Boy Records singles', 'MCA Records singles', 'Male vocal duets', 'SNEP Top Singles number-one singles', 'Number-one singles in Zimbabwe', 'UK singles chart number-one singles', 'Number-one singles in Australia', 'Coolio songs', 'Film theme songs', 'L.V. (singer) songs', 'Number-one singles in Iceland', 'Number-one singles in Austria', 'Gangsta rap songs', 'Dutch Top 40 number-one singles', 'Number-one singles in New Zealand', 'Billboard Hot 100 number-one singles', 'Irish Singles Chart number-one singles', 'Music videos directed by Antoine Fuqua', 'Number-one singles in Norway', 'Songs about poverty', 'Songs about crime', 'Ultratop 50 Singles (Wallonia) number-one singles'}"
Glenn_Slater,"{'American musical theatre lyricists', 'Songwriters from New York (state)', 'Living people', '1968 births', 'Skydance Media people', 'Hasty Pudding alumni', 'Animation composers', 'Jewish American songwriters', 'East Brunswick High School alumni', 'Daytime Emmy Award winners', 'Grammy Award winners', 'Songwriters from New Jersey', 'Walt Disney Animation Studios people', 'People from East Brunswick, New Jersey', 'Musicians from Brooklyn', 'Broadway composers and lyricists'}"
Gun_politics_in_the_United_States,"{'Gun violence in the United States', 'Gun politics in the United States', 'Firearms', 'Gun politics'}"
Haunted_(Taylor_Swift_song),"{'2010 songs', 'Song recordings produced by Taylor Swift', 'Song recordings produced by Chris Rowe', 'Gothic rock songs', 'Songs written by Taylor Swift', 'Arena rock songs', 'Taylor Swift songs', 'Song recordings produced by Nathan Chapman (record producer)', 'Breakup songs'}"
Humble_and_Kind,"{'Songs written by Lori McKenna', 'Tim McGraw songs', '2016 songs', 'Song recordings produced by Byron Gallimore', 'Big Machine Records singles', 'Song recordings produced by Tim McGraw', '2016 singles', 'Music videos directed by Wes Edwards'}"
I_Knew_You_Were_Trouble,"{'2012 singles', 'Song recordings produced by Taylor Swift', 'Songs written by Shellback (record producer)', 'Song recordings produced by Chris Rowe', 'Songs written by Max Martin', 'Big Machine Records singles', 'Songs written by Taylor Swift', 'Teen pop songs', 'Song recordings produced by Max Martin', 'American pop rock songs', 'Internet memes introduced in 2012', 'MTV Video Music Award for Best Female Video', 'American dance-pop songs', 'Taylor Swift songs', 'Song recordings produced by Shellback (record producer)', '2012 songs', 'Music videos directed by Anthony Mandler', 'Breakup songs'}"
Ice_Ice_Baby,"{'Sampling controversies', 'Songs written by Freddie Mercury', 'European Hot 100 Singles number-one singles', 'Vanilla Ice songs', '1990 singles', 'Songs about Miami', 'EMI Records singles', 'SBK Records singles', 'Songs written by David Bowie', 'Number-one singles in Zimbabwe', 'UK singles chart number-one singles', 'Number-one singles in Australia', 'Cashbox number-one singles', 'Songs written by Brian May', 'Songs involved in royalties controversies', 'Songs written by Roger Taylor (Queen drummer)', 'Number-one singles in New Zealand', '1989 songs', 'Billboard Hot 100 number-one singles', 'Irish Singles Chart number-one singles', 'Songs written by John Deacon', 'Songs written by Vanilla Ice'}"
Imgonnagetyouback,"{'Song recordings produced by Taylor Swift', 'Song recordings produced by Jack Antonoff', '2024 songs', 'Songs written by Taylor Swift', 'American contemporary R&B songs', 'American synth-pop songs', 'Taylor Swift songs', 'Songs written by Jack Antonoff'}"
Into_the_West_(song),"{'Annie Lennox songs', 'Songs written by Annie Lennox', 'New-age songs', 'Best Original Song Academy Award–winning songs', 'Reprise Records singles', 'The Lord of the Rings (film series) music', '2003 songs', 'Grammy Award for Best Song Written for Visual Media', 'Songs written by Howard Shore', 'Best Original Song Golden Globe–winning songs', 'Songs with lyrics by Fran Walsh'}"
John_Barlow_Jarvis,"{'Musicians from Pasadena, California', '20th-century American keyboardists', '1954 births', '20th-century American composers', '21st-century American organists', '21st-century American keyboardists', '20th-century American pianists', 'American country songwriters', '21st-century American male musicians', 'Songwriters from California', 'American session musicians', 'Country musicians from California', 'Grammy Award winners', 'Country musicians from Tennessee', 'American rock pianists', 'American male pianists', 'Living people', 'Lyle Lovett and His Large Band members', 'American male organists', 'Songwriters from Tennessee', '20th-century American male composers', 'American rock keyboardists', 'American country pianists', 'American male songwriters', '21st-century American pianists', 'Musicians from Nashville, Tennessee'}"
John_Cassavetes,"{'People from Long Island', 'American male film actors', 'Directors of Golden Lion winners', '20th-century American people of Greek descent', 'American male screenwriters', 'American writers of Greek descent', 'Film directors from New York City', 'John Cassavetes', '20th-century American male actors', 'Metro-Goldwyn-Mayer contract players', 'Film producers from New York City', '1989 deaths', '20th-century American male writers', 'Alcohol-related deaths in California', 'Burials at Westwood Village Memorial Park Cemetery', 'Cassavetes family', 'Counterculture of the 1950s', '1929 births', 'Directors of Golden Bear winners', 'Screenwriters from New York (state)', 'Blair Academy alumni', 'Counterculture of the 1960s', 'Counterculture of the 1980s', 'Counterculture of the 1970s', 'Deaths from cirrhosis', '20th-century American screenwriters'}"
John_Franklin_Enders,"{'United States Army Air Service pilots of World War I', 'Nobel laureates in Physiology or Medicine', 'People from West Hartford, Connecticut', 'American chief executives of financial services companies', 'Measles', 'Members of the American Philosophical Society', 'American Nobel laureates', 'American medical researchers', 'Foreign members of the Royal Society', 'American virologists', 'Time Person of the Year', 'United States Army Air Forces soldiers', 'Recipients of the Albert Lasker Award for Basic Medical Research', 'Yale University alumni', 'Presidential Medal of Freedom recipients', 'Fellows of the American Academy of Arts and Sciences', 'Polio', ""St. Paul's School (New Hampshire) alumni"", '1897 births', 'Vaccination advocates', 'Harvard Medical School alumni', '1985 deaths'}"
Jung_Kook,"{'Circle Chart Music Award winners', 'MAMA Award winners', 'Japanese-language singers of South Korea', '1997 births', 'South Korean male idols', 'South Korean child singers', 'School of Performing Arts Seoul alumni', '21st-century South Korean singer-songwriters', 'Recipients of the Order of Cultural Merit (South Korea)', '21st-century South Korean male musicians', 'South Korean male singer-songwriters', 'Jung Kook', 'Singers from Busan', 'Global Cyber University alumni', '21st-century South Korean male singers', 'Hybe artists', 'Living people', 'South Korean male pop singers', 'English-language singers from South Korea', 'South Korean tenors', 'MTV Video Music Award winners', 'BTS members', 'Melon Music Award winners'}"
Kim_Williams_(songwriter),"{'1947 births', 'American country songwriters', 'People from Kingsport, Tennessee', 'Music of East Tennessee', 'Songwriters from Tennessee', '2016 deaths', 'American male songwriters', 'American composer, 20th-century birth stubs'}"
King_of_My_Heart,"{'Songs written by Shellback (record producer)', 'Songs written by Max Martin', 'American electronic dance music songs', 'Songs written by Taylor Swift', 'Song recordings produced by Max Martin', '2017 songs', 'Taylor Swift songs', 'Electropop songs', 'Song recordings produced by Shellback (record producer)'}"
LMFAO,"{'American comedy hip-hop musical groups', 'LMFAO', 'American male musical duos', 'Musical groups established in 2006', '2006 establishments in California', 'Family musical groups', 'Interscope Records artists', 'Musical groups from Los Angeles', 'APRA Award winners', 'Musical duos from California', 'American pop music duos', 'Dance-pop groups', 'American dance music groups'}"
Larry_Weiss,"{'Songwriters from New York (state)', 'Living people', '1941 births', 'Musicians from Newark, New Jersey'}"
Lost_in_the_Fifties_Tonight,"{'Albums produced by Tom Collins (record producer)', '1986 albums', 'Ronnie Milsap albums', 'RCA Records albums', '1980s country album stubs'}"
Love_Is_Strong,"{'Song recordings produced by Don Was', 'Grammy Award for Best Short Form Music Video', '1994 singles', 'Music videos directed by David Fincher', 'Music videos shot in the United States', 'Songs written by Jagger–Richards', '1994 songs', 'Virgin Records singles', 'The Rolling Stones songs', 'Black-and-white music videos', 'Song recordings produced by Jagger–Richards'}"
MTV_Europe_Music_Award_for_Best_Female,"{'MTV Europe Music Awards', 'Music awards honoring women'}"
MTV_Video_Music_Award_for_Best_Direction,"{'MTV Video Music Awards', 'Awards for best director', 'Awards established in 1984', 'MTV Video Music Award for Best Direction'}"
Mary_Chapin_Carpenter,"{'1958 births', '21st-century American women guitarists', '20th-century American women guitarists', '21st-century American guitarists', 'Guitarists from New Jersey', '21st-century American singer-songwriters', 'Musicians from Princeton, New Jersey', '20th-century American singer-songwriters', 'Singer-songwriters from New Jersey', 'Zoë Records artists', 'American country singer-songwriters', 'Singer-songwriters from Virginia', 'The Washington Times people', '20th-century American guitarists', 'New Jersey Democrats', 'Princeton Day School alumni', '20th-century American women singers', 'Chapin family (show business)', 'Taft School alumni', 'Country musicians from New Jersey', 'Brown University alumni', 'American women country singers', 'Grammy Award winners', '21st-century American women singers', 'Virginia Democrats', 'Columbia Records artists', 'Living people', 'Thirty Tigers artists', '20th-century American singers'}"
Maura_Johnston,"{'New York University faculty', 'Journalists from New York (state)', 'American women journalists', 'American women writers about music', 'Living people', '1975 births', 'Northwestern University alumni', 'The Village Voice people', 'American women academics', '21st-century American non-fiction writers', 'Boston College faculty', 'American women music critics', '21st-century American women writers', '20th-century American women writers', 'People from Hicksville, New York', 'American music critics', '20th-century American non-fiction writers'}"
Melinda_French_Gates,"{'Fuqua School of Business alumni', 'Businesspeople from Seattle', '21st-century Roman Catholics', 'American women corporate directors', 'Microsoft employees', 'American Roman Catholic writers', 'Bill & Melinda Gates Foundation people', 'Catholics from Washington (state)', 'Catholics from Texas', 'Female billionaires', 'American billionaires', 'Mass media people from Dallas', 'Honorary Dames Commander of the Order of the British Empire', 'Recipients of the Padma Bhushan in social work', 'American media executives', 'Gates family', 'Presidential Medal of Freedom recipients', 'Recipients of the Cross of Recognition', 'American women chief executives', '21st-century American businesswomen', '1964 births', 'American nonprofit chief executives', 'Fellows of the American Academy of Arts and Sciences', 'The Washington Post people', 'Living people', '21st-century American businesspeople', 'American corporate directors', 'Philanthropists from Washington (state)', 'Duke University alumni', 'People from Medina, Washington', 'American women philanthropists', 'Wired (magazine) people', 'Philanthropists from Texas', 'Businesspeople from Dallas'}"
Merrill_Lynch,"{'Companies formerly listed on the New York Stock Exchange', 'Asset management companies', 'Bank of America legacy banks', '1914 establishments in New York City', 'Investment management companies of the United States', 'Online brokerages', 'Primary dealers', 'Banks based in New York City', '2009 mergers and acquisitions', 'Financial services companies established in 1914', 'Brokerage firms', 'Subprime mortgage crisis', 'Banks established in 1914', 'Merrill family', 'Investment banks in the United States', 'Merrill (company)'}"
Mumford_%26_Sons,"{'British musical quartets', 'English musical trios', 'Glassnote Records artists', 'Echo (music award) winners', 'British folk rock groups', 'ARIA Award winners', 'Dew Process artists', 'British indie folk groups', 'Juno Award for International Album of the Year winners', 'Grammy Award winners', 'Americana Music Honors & Awards winners', 'Musical groups established in 2007', 'Rock music groups from London', 'Brit Award winners', 'Island Records artists', '2007 establishments in England'}"
NME,"{'2018 disestablishments in the United Kingdom', 'Online music magazines published in the United Kingdom', 'New Musical Express', 'Magazines established in 1952', 'Defunct magazines published in the United Kingdom', 'Weekly magazines published in the United Kingdom', 'Magazines disestablished in 2018', 'Free magazines', 'Online magazines with defunct print editions', 'Popular music magazines', 'British record charts', '2019 mergers and acquisitions', 'Magazines published in London', '1952 establishments in the United Kingdom'}"
Nannaria_swiftae,"{'Polydesmida', 'Endemic fauna of Tennessee', 'Millipedes of North America', 'Arthropods of the United States', 'Animals described in 2022', 'Taylor Swift'}"
National_Music_Publishers%27_Association,"{'Music licensing organizations', 'Music publishing companies of the United States', 'Arts organizations established in 1917', '1917 establishments in the United States', 'Music organizations based in the United States'}"
National_Post,"{'Postmedia Network publications', 'Daily newspapers published in Ontario', 'Newspapers established in 1998', '1998 establishments in Ontario', 'Newspapers published in Toronto', 'National newspapers published in Canada', 'National Post'}"
Need_You_Now_(Lady_Antebellum_album),"{'Capitol Records Nashville albums', 'Lady A albums', '2010 albums', 'Albums produced by Paul Worley', 'Grammy Award for Best Country Album'}"
Papa_John%27s,"{'Fast-food chains of the United States', 'Pizza chains of the United States', '1993 initial public offerings', 'Pizza chains of Canada', 'Pizza franchises', 'Companies listed on the Nasdaq', 'American companies established in 1984', 'Jeffersontown, Kentucky', '1984 establishments in Indiana', 'Restaurants established in 1984', 'Companies based in Louisville, Kentucky', 'Companies based in Atlanta', 'Pizza chains of the United Kingdom'}"
Platinum_(Miranda_Lambert_album),"{'Albums produced by Chuck Ainlay', 'RCA Records albums', '2014 albums', 'Grammy Award for Best Country Album', 'Albums produced by Frank Liddell', 'Miranda Lambert albums'}"
Red_Hot_Chili_Peppers,"{'Culture of California', 'American funk rock musical groups', 'Musical groups established in 1982', 'Kerrang! Awards winners', 'American rap rock groups', 'Echo (music award) winners', 'Musical groups from Los Angeles', '1982 establishments in California', 'EMI Records artists', 'Grammy Award winners', 'American funk metal musical groups', 'Red Hot Chili Peppers', 'Alternative rock groups from California', 'Musical quartets from California', 'MTV Video Music Award winners', 'Brit Award winners', 'MTV Europe Music Award winners', 'Warner Records artists'}"
Right_Now_(Van_Halen_song),"{'Songs written by Sammy Hagar', 'Songs written by Michael Anthony (musician)', 'Songs written by Eddie Van Halen', 'MTV Video Music Award for Best Direction', 'Presidential campaign songs', 'Song recordings produced by Ted Templeman', 'Warner Records singles', '1991 songs', '1992 singles', 'Van Halen songs', 'Songs written by Alex Van Halen', 'MTV Video of the Year Award'}"
Shamrock_Holdings,"{'Holding companies of the United States', 'Companies based in Burbank, California', '1978 establishments in California', 'American companies established in 1978', 'Financial services companies based in California', 'Holding companies established in 1978', 'Disney family'}"
Shane_McAnally,"{'Record producers from Texas', 'Singer-songwriters from Tennessee', '21st-century American singer-songwriters', 'American gay musicians', '20th-century American LGBTQ people', 'Country musicians from Texas', 'American country singer-songwriters', 'American male singer-songwriters', 'Gay singer-songwriters', 'Curb Records artists', '21st-century American LGBTQ people', '21st-century American male singers', 'Singer-songwriters from Texas', 'Grammy Award winners', 'LGBTQ people from Tennessee', 'People from Mineral Wells, Texas', 'Country musicians from Tennessee', 'American country record producers', '1974 births', 'Living people', 'LGBTQ record producers', 'LGBTQ people from Texas', 'Musicians from Nashville, Tennessee', 'American LGBTQ singer-songwriters'}"
Shawn_Mendes,"{'Canadian folk-pop singers', 'Canadian people of Portuguese descent', 'Singers from Toronto', 'Universal Music Group artists', 'People from Pickering, Ontario', 'Pop rock singers', 'Canadian male guitarists', 'Musicians from the Regional Municipality of Durham', 'MTV Europe Music Award winners', 'Canadian pop singers', 'Island Records artists', 'Juno Fan Choice Award winners', 'Canadian pop guitarists', 'Juno Award for Album of the Year winners', 'Shorty Award winners', 'Canadian male songwriters', 'Child pop musicians', 'Canadian male voice actors', 'Canadian people of English descent', '21st-century Canadian pianists', 'Shawn Mendes', 'Canadian child singers', '1998 births', 'Canadian pop pianists', 'Canadian male singers', 'Juno Award for Pop Album of the Year winners', 'Canadian male pianists', 'Living people', '21st-century Canadian songwriters', 'Streamy Award winners', 'Juno Award for Single of the Year winners', '21st-century Canadian male singers', 'Guitarists from Toronto', 'MTV Video Music Award winners', 'Canadian Vine (service) celebrities'}"
Shirley_MacLaine,"{'Dancers from New York (state)', '21st-century American biographers', 'Best Drama Actress Golden Globe (film) winners', 'Primetime Emmy Award winners', 'American women comedians', 'American television actresses', 'Actresses from Virginia', 'Best Musical or Comedy Actress Golden Globe (film) winners', 'David di Donatello winners', 'Singers from Virginia', 'Volpi Cup for Best Actress winners', '21st-century American women writers', 'Baptists from Virginia', 'Writers from Richmond, Virginia', '21st-century American singers', 'Best Actress Academy Award winners', 'Best Foreign Actress BAFTA Award winners', 'Comedians from Virginia', 'Paramount Pictures contract players', 'American musical theatre actresses', 'Actresses from Richmond, Virginia', 'Baptists from New York (state)', '21st-century American actresses', 'Washington-Liberty High School alumni', 'Cecil B. DeMille Award Golden Globe winners', '20th-century American women singers', 'American female dancers', '1934 births', 'People from Arlington County, Virginia', '21st-century American women singers', 'American people of Canadian descent', 'American spiritual writers', '20th-century American women writers', '20th-century American actresses', 'AFI Life Achievement Award recipients', 'American film actresses', 'Kennedy Center honorees', 'New Age writers', 'New Star of the Year (Actress) Golden Globe winners', 'Honorary Golden Bear recipients', '20th-century American memoirists', 'Silver Bear for Best Actress winners', 'Living people', 'American women biographers', 'American women memoirists', '20th-century American singers'}"
Snow_on_the_Beach,"{'Song recordings produced by Taylor Swift', 'Songs written by Lana Del Rey', 'Lana Del Rey songs', 'Song recordings produced by Jack Antonoff', 'Songs written by Taylor Swift', 'Pop ballads', '2022 songs', '2020s ballads', 'Taylor Swift songs', 'Bedroom pop songs', 'Songs written by Jack Antonoff', 'Dream pop songs'}"
Sorry_(Justin_Bieber_song),"{'Number-one singles in Portugal', '2015 songs', 'Number-one singles in Sweden', 'Song recordings produced by Skrillex', 'Sampling controversies', 'Reggae fusion songs', 'Songs written by J Balvin', 'Song recordings produced by BloodPop', 'Number-one singles in Denmark', 'Songs written by Justin Bieber', 'Canadian Hot 100 number-one singles', 'Moombahton songs', 'Number-one singles in Scotland', 'Def Jam Recordings singles', 'Songs written by Skrillex', 'J Balvin songs', '2015 singles', 'Songs written by Julia Michaels', 'Justin Bieber songs', 'UK singles chart number-one singles', 'South African Airplay Chart number-one singles', 'Number-one singles in Spain', 'Dancehall songs', 'Dutch Top 40 number-one singles', 'Number-one singles in New Zealand', 'Billboard Hot 100 number-one singles', 'Irish Singles Chart number-one singles', 'Songs written by BloodPop', 'Songs written by Justin Tranter', 'Torch songs', 'Tropical house songs'}"
Starlight_(Taylor_Swift_song),"{'Song recordings produced by Taylor Swift', 'Song recordings produced by Dann Huff', 'Song recordings produced by Nathan Chapman (record producer)', 'Kennedy family', 'Songs written by Taylor Swift', 'American dance-pop songs', 'Taylor Swift songs', '2012 songs'}"
Steal_My_Girl,"{'Song recordings produced by Julian Bunetta', 'Songs written by John Ryan (musician)', 'Columbia Records singles', 'Song recordings produced by John Ryan (songwriter)', 'Songs about romance', 'Number-one singles in Denmark', 'Syco Music singles', 'Songs written by Louis Tomlinson', 'Jade Eagleson songs', '2014 songs', 'Songs written by Liam Payne', '2010s ballads', 'Songs written by Julian Bunetta', '2014 singles', 'Songs written by Wayne Hector', 'Number-one singles in Greece', 'One Direction songs', 'Songs written by Ed Drewett', 'Rock ballads'}"
Taboo_(rapper),"{'21st-century American rappers', 'People from Rosemead, California', 'West Coast hip-hop musicians', 'American rappers of Mexican descent', 'Marvel Comics writers', 'American hip-hop singers', 'Living people', '1975 births', 'Hispanic and Latino American rappers', 'Pseudonymous actors', 'Musicians from Los Angeles County, California', 'American musicians of Mexican descent', 'American male actors of Mexican descent', 'Grammy Award winners for rap music', 'Black Eyed Peas members', 'Rappers from Los Angeles', 'Male actors from Los Angeles', 'People from Boyle Heights, Los Angeles'}"
Taylor_Swift,"{'American Music Awards winners', '21st-century American songwriters', 'American folk guitarists', 'American people of Italian descent', 'Singers from Nashville, Tennessee', 'Primetime Emmy Award winners', '21st-century American women guitarists', '21st-century American women philanthropists', 'American folk singers', 'American television actresses', 'Singer-songwriters from Tennessee', 'Female music video directors', 'Big Machine Records artists', 'Taylor Swift', 'American music video directors', 'American voice actresses', 'Guitarists from Tennessee', 'MTV Europe Music Award winners', 'American country banjoists', 'NME Awards winners', 'Philanthropists from Pennsylvania', 'American women singer-songwriters', 'Shorty Award winners', 'American feminist musicians', 'Record producers from Pennsylvania', 'American women rock singers', 'Actresses from Pennsylvania', 'American women songwriters', 'American country singer-songwriters', 'Republic Records artists', 'Female billionaires', 'American billionaires', '21st-century American actresses', '21st-century people from Pennsylvania', 'American acoustic guitarists', 'Brit Award winners', 'RCA Records artists', 'Christians from Tennessee', 'American people of Scottish descent', 'American women pop singers', 'American women record producers', 'American country guitarists', 'Time Person of the Year', 'Guitarists from Pennsylvania', '21st-century American multi-instrumentalists', 'Film directors from Pennsylvania', 'American women country singers', 'American pop pianists', '21st-century American women singers', 'Film directors from Tennessee', '21st-century American women pianists', '1989 births', 'Baldi family', 'Grammy Award winners', 'Sony Music Publishing artists', 'American film actresses', 'Philanthropists from Tennessee', 'American country record producers', 'Country musicians from Tennessee', 'Country pop musicians', 'Record producers from Tennessee', 'Living people', '21st-century American philanthropists', 'Country musicians from Pennsylvania', 'American mezzo-sopranos', 'American pop guitarists', 'American synth-pop singers', 'American people of German descent', 'Musicians from Bucks County, Pennsylvania', 'American people of English descent', 'American folk musicians', 'Actresses from Nashville, Tennessee', 'American women company founders', 'Singer-songwriters from Pennsylvania', 'American country pianists', 'MTV Video Music Award winners'}"
The_Eras_Tour,"{'Concert tours of Brazil', 'Concert tours of Austria', 'All-stadium concert tours', '2023 concert tours', 'Concert tours of Australia', 'Concert tours of Singapore', 'Concert tours of Mexico', 'Concert tours of Japan', 'Concert tours of Ireland', 'Concert tours of Italy', 'Concert tours of Portugal', 'Concert tours of Poland', 'Concert tours of Canada', 'Concert tours of the United States', 'Concert tours of the United Kingdom', 'Taylor Swift concert tours', 'Concert tours of Spain', '2024 concert tours', 'The Eras Tour', '2020s fads and trends', 'Concert tours of France', 'Concert tours of Switzerland', 'Concert tours of Sweden', 'Concert tours of Germany', 'Concert tours of Argentina', 'Concert tours of the Netherlands'}"
The_First_Family_(album),"{'Satirical albums', '1960s spoken word albums', 'United States National Recording Registry albums', 'Works about John F. Kennedy', '1962 albums', 'Grammy Award for Album of the Year', 'Vaughn Meader albums', 'Cultural depictions of John F. Kennedy', 'Cadence Records albums', '1963 albums', 'Grammy Award for Best Comedy Album', '1960s comedy albums', '1960s concept albums'}"
The_Gambler_(album),"{'United Artists Records albums', 'Kenny Rogers albums', 'Albums produced by Larry Butler (producer)', '1978 albums', 'Albums arranged by Bill Justis'}"
The_Press_of_Atlantic_City,"{'Mass media in Atlantic City, New Jersey', 'Atlantic County, New Jersey', 'Newspapers published in New Jersey', 'Lee Enterprises publications', 'Cape May County, New Jersey', 'Cumberland County, New Jersey', 'Newspapers established in 1895'}"
The_Sign_(Ace_of_Base_album),"{'Reissue albums', '1993 albums', 'Edel-Mega Records albums', 'Ace of Base albums', 'Arista Records albums'}"
Thomas_Newman,"{'Primetime Emmy Award winners', 'Animated film score composers', 'Musicians from Los Angeles', '20th-century American composers', '21st-century American male musicians', 'American male film score composers', 'Jewish American television composers', '1955 births', 'American people of Russian-Jewish descent', 'American male television composers', 'Annie Award winners', '21st-century American composers', 'Newman family (show business)', 'Grammy Award winners', 'Pixar people', 'Varèse Sarabande Records artists', 'American television composers', 'American film score composers', 'Living people', 'Jewish American film score composers', 'Best Original Music Score AACTA Award winners', '20th-century American male composers', 'Best Original Music BAFTA Award winners', 'La-La Land Records artists'}"
Tom_Arnold_(actor),"{'American male film actors', 'American male voice actors', 'Liberalism in the United States', 'Male actors from Iowa', 'Jewish male comedians', 'People from Ottumwa, Iowa', 'American autistic people', 'Comedians from Iowa', 'Indian Hills Community College alumni', 'University of Iowa alumni', 'American male television actors', '21st-century American Jews', '21st-century American comedians', 'American male comedians', 'American television hosts', 'American people of Jewish descent', 'Living people', 'Jewish American comedians', '1959 births', 'Jewish American male actors', 'Autistic actors'}"
Twang,"{'Extended techniques', 'Nasalization', 'Vocabulary and usage stubs', 'Country music'}"
Two_of_Us_(Louis_Tomlinson_song),"{'Songs about mothers', 'Songs written by Bryn Christopher', 'Louis Tomlinson songs', '2019 singles', '2019 songs', 'Songs written by Louis Tomlinson', 'Commemoration songs'}"
UNICEF_Tap_Project,"{'Water-related charities', 'UNICEF'}"
University_of_Melbourne,"{'Group of Eight (Australian universities)', 'Universities in Melbourne', 'Landmarks in Melbourne', 'City of Melbourne', 'Australian vocational education and training providers', 'University of Melbourne', '1853 establishments in Australia', 'Universities and colleges established in 1853'}"
What_Was_I_Made_For%3F,"{'Atlantic Records singles', 'Best Original Song Academy Award–winning songs', ""Songs written by Finneas O'Connell"", 'Pop ballads', '2020s ballads', ""Song recordings produced by Finneas O'Connell"", 'Number-one singles in Switzerland', 'Billie Eilish songs', 'Songs from Barbie (film)', '2023 singles', 'Song recordings produced by Andrew Wyatt', 'Songs written by Billie Eilish', 'Darkroom Records singles', 'UK singles chart number-one singles', 'Number-one singles in Australia', '2023 songs', 'Song recordings produced by Mark Ronson', 'MTV Video Music Award for Best Video with a Social Message', 'Best Original Song Golden Globe–winning songs', 'Internet memes', 'Irish Singles Chart number-one singles', 'Interscope Records singles'}"
While_I%27m_Livin%27,"{'Tanya Tucker albums', 'Grammy Award for Best Country Album', '2019 albums', 'Albums produced by Brandi Carlile'}"
Who%27s_Afraid_of_Little_Old_Me%3F,"{'Song recordings produced by Taylor Swift', 'Song recordings produced by Jack Antonoff', 'Songs written by Taylor Swift', 'Songs about teenagers', 'Taylor Swift songs', 'Chamber pop songs', '2024 songs', 'Songs about fame'}"
World_Health_Organization,"{'Medical and health organisations based in Switzerland', 'Global health', 'Public health', 'United Nations Economic and Social Council', 'Health sciences organizations', 'Organizations associated with the COVID-19 pandemic', 'Health policy', 'Drug control treaties', 'United Nations organizations based in Geneva', 'Organizations established in 1948', 'United Nations Development Group', 'United Nations specialized agencies', 'World Health Organization'}"
YouTube,"{'Video game streaming services', 'Google services', 'Alphabet Inc.', 'Video search engine', 'Companies based in San Mateo County, California', 'PlayStation 5 software', 'Advertising video on demand', 'Recommender systems', 'American companies established in 2005', 'TvOS software', 'Multilingual websites', 'Google acquisitions', 'Internet properties established in 2005', 'IOS software', 'Transactional video on demand', 'PlayStation 4 software', '2006 mergers and acquisitions', 'Proprietary software programmed in Go', 'YouTube', '2005 establishments in California', 'Social media', 'Video hosting', 'Android (operating system) software'}"
